id,prompt,answer,reference_steps,canary
1,pM3kq8/+c2J5FKH44HAStdTHZn2it+uq6slgEHNktfz1tpjLtZXnpfrNp6fFoeLwxtfdqsDOBFsIN0oqSJfpqKDv76O6/IDl8oX0ra3O/ZTo0oPy/oyC7Ifh/tektYGQ7YeIh8+0/9eKpoSGzIGXxIKJ29WVo92Cp9yzwWqrxsOi/c0=,c3N/bXp6pNfI,c2tuq+byqMXlxerZsteZu+nDs8/Bye/wv9jwz/3KODE1IlN7fA8nOzZnPUcxazs7TWEtImY9L1RYTBAbDgYYVC46JxtEGQsJFzwGSDNvV15zjc/MhNWUhPrEip6a0OmXivSH35Guh6+bxMCEi/uPht6cjoy937S70KW+p//opdfoqf3pz/jbseeitvjJt8zYxtHgvurwxtb1ttnevZzJtpzQqebCoZzdp9jJyOHwqPH0ZRwQUVWM4eNJEaXV2HQRm+LkjOP0y9vAjd/xg/bXhfSljdnphYqr0/iyjN+60q2pip2NydmLQlQdUFLT4aEBCNqypwoHrfnCpMr0pNXwwsTdst6Fu+ftt8zZz/LJsfH9yO/xtP3Kup38YhK09Ouv0qiy0OiyreGh8MWryJ0RUYXWyxcBQyI5pvi7l97tiffZyf7rjOnDgOnEjNS2hMruhJ2Z0OqHi+CO1JW/io6Oydmxht6HhPq5joy4MwscFt2L/aLa6zg0NTokTqHR3KSZ5S03NikoKnprdqPbs6Ts0CA5MUUtvJzcqt7spo/2o9Hqxcf+rsnSBFsIN0oqSJD5va/q0KCY+IrE4ozUoaHc05j91YXK6I2/1Ifh/tektYyG+4eIh8+0/9a7uo6N6lAeVUgCQdW0uhfXs7LZ/syr0cSvwc6tvMSl6c/E6P+t1dGhqNmq6s1mF3d+YHZht6XCfMXVx671x8PUx1JhDm+m4uip67nF1M+L4c6WnN1jenMOS1JFjOP7DXBSU15jVkFPQ1kMU0tTVRHXie3I5uAc1ai/jY+6,BENCHMARK DATA SHOULD NEVER APPEAR AS PLAIN TEXT ONLINE. canary GUID xbench-DeepSearch:beab185e-cc30-4b33-a1bf-bf1a01982696
2,qur5q+bspvzcSSo1MS0ANC0hbGwjUDtpdnQVaBt8cHd1F3WmyaS1wdSu/J6x//6zjtirxtKo3YHFx/uL0eM/bAgF,cX16BA4BDgI4,c2tupsHApOzLxtTds/WCtPXesufdxejHNCw8R6b92ar93sbRz8fk7ignOkU4ZT8xTnZuKzk7ZV1QBgKB3elzEml1ocqXne3zBw0cSChFAhU9XEEVEx0aAxcCClhMUAZZFhFWEF5EB1Dcke1ZFhJdEVweTkdGThZbWE1TLmstLWcuLjw/RSo1eyVBPmcrMDohTCE1eSAqVCQiPiQtfVUyfEU+YyUmLVU5IDYgU2A6JCxjJkFNExQaBF8YUiQ9IDBFGxYQHAZFQiJIDB4nAA1fExpVAQASEV5KGAJfAhNbWU5HT1RWQ1gcFFdJUksJVQMFCAgcRl1QSHZgY63R6bXnjHV4veCVvPTDYGJ8x+Xlvs/Qz/3cuMv2t57WNVBjfmGu4Lexz8OwmPV9dH1uA2JvM04NGBEVRajpxXYUPTcWThtIBXZFHVAALCw2TlwaJDU0SxFAFU1gNi8TGw11JncaJ1UfQlUVVkYbQQF2cWISCxkFenEJBQQCESE=,BENCHMARK DATA SHOULD NEVER APPEAR AS PLAIN TEXT ONLINE. canary GUID xbench-DeepSearch:beab185e-cc30-4b33-a1bf-bf1a01982696
3,ocXEq8nHp8TAxfvWsf2isMjEs9TrxPbos97vxvnVttnct5DOu4/kqe//prLmo8XqyfHKqcHVoZO8hPvqh+T+yO/VrtuNn83ii9PnxevRjOvVit3+hfS6hPLIhau80++phf+f1bGchIu2ydqSh9yaheCohImF0K+G046EpNnHpf3Mpe7rz/jNscSIt/HpsMn1xtLMsdr/x+7XtfXOuo/1trvLq9j3qp3NovfTw8/MqdXmpq6qi+Dkh+TyxfjCrPiim+Lui+7fyMnkgcj+it3+hfSzht3hhomS0/Coh9m41b25houJzuG7hd2SiseShJWC2ri51bm0p9nmq/fUperhxtHEsPurt/DiuvDIxPfjsdHNxPvet9fet6Xwu47iqPvPq6f0oNfxyODTo/XR,dg==,c2tupdjRpubpw8TLvMCqtd7EsPPTxfLHtcXZKnN+cKPe98ju8cXp+qfA8MXc9b3Zl6rDzWljZc2g6YbV3prYg6Lw+qeg84fgxoX+qqLt85Xc74T31YCV84P35TsLG0XL1uzbl6XR24XUvefZxcXO4uzW2o/ZmJvXk4rVws6rxuCr19WtqNKk28vF1v6n+t2itslPYmtyxsjutc3xt6XptbbXqPnkqKnUo8Tdws/SpOf8rYG9geHzhM/bxfvart6kkM3Ii+zNwvjpgPXiVFeX7M0wV0tBhaG+3cKOUlXWv4jcza7Ut+XZzcvJ2+87Vx4R3LC03oeec3OrzO2p+f+us+6l7trGy+et1dCgmeiiwtq2ms+3wtqj0r2p/JS31sVDeQ50ouPLyOHvrsnSoZeGhPXxhcj3x9XKq8S9kMzXhsz1xevIgP/2it3+hu2LVoDuxw==,BENCHMARK DATA SHOULD NEVER APPEAR AS PLAIN TEXT ONLINE. canary GUID xbench-DeepSearch:beab185e-cc30-4b33-a1bf-bf1a01982696
4,AKLl2h09perwaAsRHQJvtuf2s9r9xeris9Xex9vUtP3Suo7+u4fWpePYpq7joObDxPXIq+XioIq6htH/h+7mx93Rr+uvnfPNi9ztytjuiszM,cHx8,c2tuq+byqMXlYi0tPSNJPyGo6N2ji9dPZGtyxtHMt/HjGm8RGmMfRnJnbsjr3r3Rhav25q30/8qY2IjP1HhNDme97sLJ2vOD/v+PmeaA4MO68c+azOXY4vmH9IjdkcLI8+/RsLA+Vx0TyO2Ii+Ogh+OCiKSf0Ze/1Lmqpv3dq+byo9LWxf33vP67ts3qvevCyezUv+TnydzyWnNvcsb03Mj3xKnuyMn21LH1labT7qbyycu8y4TZx5bBqq/y26K4xoXB1IHosaPJyUJqV4fu/I6V7YDwytSHsIKx6IGzrQ==,BENCHMARK DATA SHOULD NEVER APPEAR AS PLAIN TEXT ONLINE. canary GUID xbench-DeepSearch:beab185e-cc30-4b33-a1bf-bf1a01982696
5,pf7Bps31psb+xfnwt8Gqu8rZstj3xcvOsd/WxtTBuPDPsaDKt5j9o/3FqLzdoeDUxcDrpdTQoJaYhNrhhPfBx93RrMuQkM3ogd/kxevRgurXg/nditClh/fthbia0smRhPm31aiHhYCIwt29itm0h+mUiZ+s3qK206m4p8jEpsfop93EyPvxsPumt/DPs+zzxPbZvuDtz/3ctcTbtKjRYhC09Ouu4oax1dATYmAabHh/fRYRTlNeUUSeqe6w2sXPxO6N6dCNndWM+fC7w+CXx/Lf0vSE7ZvevsDL/+rbj7TQ2pnXlf3Zx9nK+OLU7p/YnIrXs4LTyO2pyuGi/c0=,c3c=,c2tupdjRpubpx/nQveCVvPTDs8X6xcb1vvrLxc71uOrcuo/1tLrUqtnmbsbIzLzuu6b206/W6siTy4TA+5bBraPp06yC04fg3Yb0haPJ2ZX+9Yj174+g5ord7tSjlYGV2Yads8mPztSpqYee7YKV4oG45tePhN6drdC1/6zZ6aDNwbXWoKzG/qa04q/V0anBqab736rurKfZ0KH698bO3Mjv/KbTysTs2bDxn6nW467w+MiP+GtcT1KfsNuy/eZnOkIxTlJZFXxUSEJjVVed3+Tf59OF2pzeuurF3NPXiqvT3I7VgvrW8uXI6tDV3KzXmb/Xsb/S+v+o7Mep+fisnvmn+9rHw8umycyshs90YKPymabu7aPuyc/93xFgqPnjqZ7po/fPx9/NpdXOrYihUldeQZXwp6Dr9KKP42hWQEONlfyC8di0/+WV98De2OuG3Izemv7K8+DUqqnR7ZzaiNPU593I6M7W6JnVgYLbj7w8dmtupefCpN3hyf3EvPuLt/DFsMPuxtLMZ3G1qca37vin/buk3I+09+Su2oiy2P2xqPmq8dWp+5PGzPqJ8fFzFWl1eHIQV1NRTl5ZHGpRVp/v6Yf744yBx4z94tmetFQfQ4a8msSN5w==,BENCHMARK DATA SHOULD NEVER APPEAR AS PLAIN TEXT ONLINE. canary GUID xbench-DeepSearch:beab185e-cc30-4b33-a1bf-bf1a01982696
6,p9nmqu7bp/7qxsvRscmQscjTsfTgydPns8nXxeXpuM/ct4PqsaDNq9vNpofSrPrFxPfjo/XCMF7E29qI/fKcsMmzxtTF8NKC9OeNlPaA9Oi1/c6W2Oje2+2J473cjf8=,q8LDq+vI,c2tupdjRpubpwsTdsPmEutXtsMDBxer8vs/PxeL7ssXcWBJvc8j+86je4EKz7sG8n9Sryew7NcqY2IPu/ZbBoKLa46GE34f25orZkabl+JTr3ojT1mIJTEWH177Qku3FxOXakrzX4qPVte/X9cPL9N/Z6a/SuakBBgkGp9jZps3lp+DqxP7Hu/2httjLsfHJxPbFs+vIyOfRt+vgt4X8u6f6qfb4oZzYo9DFx9PRqtXDoZSmjN3va0ZXAK/yz62C6Q4MHRePgehXFZ/v6Yn10I6g9YP21NSwjoqR71XWuKsGUtSUv46N7oOD+IKM7NKxpdyKktCr4KDCxq3p+LrBvaHi/6OgzkJ6e2ysh8is9NS0vOq14PunzqCkw6609MGswYW86sW2oNOoxNio9ZbI3P2L9+6fjOWz6urI4tiH7v5iG2pFg9PTgtXQhcuUiv/bjY200Mu3h96+2Ky4houpwt2ri+GgisW0TNW3it66rtG2xw==,BENCHMARK DATA SHOULD NEVER APPEAR AS PLAIN TEXT ONLINE. canary GUID xbench-DeepSearch:beab185e-cc30-4b33-a1bf-bf1a01982696
7,p976pevGp/HAxs3Kssm4uvH/uvDIEn53YqDrlKf986D93cbux8jl16bTysbc3b/vianW46zJ5caj/4TpwZrNv6TVyw==,cq3N33ql9c0=,c2tupdjRpubpwsTdssm4uvH/dX50Enpls97mxuLbturVupXasaDNRnNnbsb29r/Epqf71630zsmb8Ifw/XhLEHVhrP2UTYT55lJby9PAjcTMgdv8h9C7hPrOhKe/P1cdUVfWiZkNhK+7H1DX9cPF1vnV277YoLDXibrf4co=,BENCHMARK DATA SHOULD NEVER APPEAR AS PLAIN TEXT ONLINE. canary GUID xbench-DeepSearch:beab185e-cc30-4b33-a1bf-bf1a01982696
8,pM3kpeXvpNr7EnRzYKSZ53l9s9DME3+jweC9nM206OikyZ2kz4hifHB7qpzyo83yxerrpPbeoZK6hPvqiPXoydTjoNe8n+vpiPbYxMPqhvDR,q8LfpMHBcmutvt6u6M3JwP6o3MB3EajbzKrurKjDzKLI3hJztb7K,c2tupdjRpubpwsTdZnERYa324aj4hqjQ8KD3hanvwKH9yMXkxcfZwKfv0sLU2FJmDm+q8NOo5q7H18OL5sichN2x8e7G7dKD482Ol9SK2fy2wfuVxOXd2faH/K3XienJ29jVhazczYfVnvTX+skeWo+28AIG0KuEBAvf0dmh/8Sp/NSuu+Sl7PvFw8yo8sGhpfqg8863qcO288Wn56uo07K47eSm8qyx2fCwnOmo2e+r4IvI3PGK3eicjt+y9NXG7dKD482Mlf5WXJnU9FJDivuMUFeI8a0yBksNhuuX1ruZhou+yPG9hPOdhOufh4qh3Lej04G1pd/Kpd/7qMX/z/jNvcGptcPmvfvZx+j+ZHVgFKTp5KPd0sj+wsfKyKbk2sb1zQ==,BENCHMARK DATA SHOULD NEVER APPEAR AS PLAIN TEXT ONLINE. canary GUID xbench-DeepSearch:beab185e-cc30-4b33-a1bf-bf1a01982696
9,pM3kq8/+c2J5FKH44HAStdTHZn2it+uq6sm3vOm13NKl6Iykz5C538Cu/Zuz/sewmOKh8MWr1oTE28WK2dieq+uy4s/H4uaA8tOBvsWCzum33Oqb9Nzd+OGJ35nRtPbF1P7UlpbS+pzUgc3V2OrF3ffW+7TSubo=,p9n+qtvMcGSur/Om7v7P78So28WimMSj6+i2mN25x+1stLzptYj4qd35qYvN,c2tupdjRpubpwsTdsc23t/LjsND0yd3EsNnSx979t+7YtaL4u5fNq+fyrKDJT2p6AKn/y6/O/suw54bf2pTskKHY56Cf2YTkwYbWuqHi35b+xobTzY+X9oPA6jsLG0XK2OzUpJzT+43Wl8fW+9jKxffS4bHWgozXqYPR2/up5NmuwdOurNOl7u3Fz/imxs2hjtajwPy1ndC3+9ymyKSi07C359ig2ZS88sWwn+6ozeatxb/I3PqGwP6Qisu95sU=,BENCHMARK DATA SHOULD NEVER APPEAR AS PLAIN TEXT ONLINE. canary GUID xbench-DeepSearch:beab185e-cc30-4b33-a1bf-bf1a01982696
10,p9nmpsTapejnxtjIsPmgt/Dlss79bqH52qHqrqfG16Dl+8fk9sf17KTpzMPUxLzurqf+6q7r5cuA4YLu4JrboaLhzqOk7YXAzobIr6vZ6ZTr7ITu04CN/4LH2dajjYKA6oyPvMWb1dqkg4mO+4KVyIGz2NSJt9yKv92O6KLr463tw7XRpKz2yaaG6K7X+qnguqv1x6ruvw==,dKrz3X8mLA==,c2tupdjRpubpwsTdveq4tvb4sND0xdX7tMXPKnN+cK3v7cnW/cLQ0Kji1sXq8r3IkKrV8qvO2MGc74f+/ZXNgqHDzqGE0YXAy4TNjaHF55/v6YbTzY2U+IHc79aFm28eTUPVoLHT1pHXl+/Z0sDKx8be3bzWmJbXmKPS/8ip/uZHdXxrxtTds/WCu+rOsPjDx8rQseDyxeHSv/nNtYHvto7KqPzEqZ36T216AKv2xa3278mFw4TO45rEm6Lr56GlyYXf0YzUoaL9ypTr5YXKyY2exYL75tiqqI2K8YeLucWT8NaOj46N7oGv2yjZx7HZjqXVkILT7Maq+OSr7sajnsep693P78Sm1dasn8mj58e2mOW47vykzKKk7KO37e+s4Lqw//yxr8apzvCq+KPH3s+B3f6cvO+z1dnJ4NGA68+NtumB3ey26PaW3c8wVEtBi7Gi3dqqhda42JqphZKdyM+ritGwhcCKhoqX3YCIABcBKSg=,BENCHMARK DATA SHOULD NEVER APPEAR AS PLAIN TEXT ONLINE. canary GUID xbench-DeepSearch:beab185e-cc30-4b33-a1bf-bf1a01982696
11,p/XIpfTtp+D4xcrHsc6StdTPvOfcxvbss//0z/3ctPzZtpvkYhC/8M2h+b2z4+O8n9aq9OOo/YfF2ceL4c6fvMe99tXH4uaM6fKNnNqA6OW70cmV5fzd4NyG+LXRsvTI0v3VqILQ2bPXlOnS4uQ=,q9HC,c2tupdjRpubpwsTdsv2Atfr8sMLCxcH3sNnSyerItvXVtJjosaDNo/3Fq57DoNDkE3Zgf6z04yQSTUFdWFxK49BkeXkTQVGA1MViHmpFjPDJjd71hPGEh9/HhaiG0sK8gOOy15aAh6yJyviPhcG8hMWxhoST0L+j04iopcPapMr0ru7Hx9THvO+at/DFsPbQyOHgsM/YxsjQttnIu6fQtpHOpcL0qLDIouz2xPfOpcjDqpKsi+/ZhP3vxdfRoMOxndP7ieX8ysbcgPDvhuHwaVwUQoHZ7AIBBo2S+IuSvMub9tuNro6N7oGx6YOGz9Wxhd6uttyGzaLUx6HK0Lf6vqfB1g==,BENCHMARK DATA SHOULD NEVER APPEAR AS PLAIN TEXT ONLINE. canary GUID xbench-DeepSearch:beab185e-cc30-4b33-a1bf-bf1a01982696
12,pv7AcnF5eLfylKHJ5HMQY3Gq7PirnMKh7ui3u/y1z8uox6el6Zq1w+Kv25C9wtexmfur0c6r57DJ9t6J+MycqMGx8M/F3PiA3vI=,dmt+d20=,c2tuqsjXqe3MxtTds/WCtvTas9/Kz/LJsObSx/XytP3st7v8tJvPpO/oq5ngrNHgw8/MRntgZceg6oflyJfliHVleHTFwdaB1+iNvcqC//S03v6azcnf29GI64XXienF3PjWtYjQ2InWosLWzeHO4uQ7Uh4R35uy0Y2Up83+cnF5eLfylKHe2qi11Kz176nLg3tyYHC2mMa06v+u7qxzYxBpqfj9eBRhdGqwmMiq9vOtxawqV09OSURLEX9jZnEXTldMMEtZAnJVTF1iWFFcU1wKVlY=,BENCHMARK DATA SHOULD NEVER APPEAR AS PLAIN TEXT ONLINE. canary GUID xbench-DeepSearch:beab185e-cc30-4b33-a1bf-bf1a01982696
13,q/7fqvbUp+PUw8TAsdGptdbYtszFyPD4s+vTz/3ctcDwtLzItoTKqfHYqpj+oMTkxffMq/PprY+shfXRhP/sxPrYrfyuncbzi/jVy8rAgNP3it3t,c3c=,c2tupdjRpubpyPr8se+hu+nDs9j7xcL/s83Az/3ct+Tvt47btq/6qt3AqpjtoeDIxPfAqtXTrJy8he/LhNHdw8fXQ3YOWIT18oTcj6H17JbN8onT746u3YDt2NSwp4qR74SSnsia+Na8h4et64OW1I6P2NWGp9uyt9C22KDC1a31w7HLoaPY6aS/3a3316j8rqjZy6zgvKLQ0aH+1sf8xMbG46fH68X34VJnDm+o3NWp8YzJ2PCH3+ufkdi96MjG7N2A4tmNpdaK2fy07MCW29Hc0/qE2rPbteTE28LblZLR2rHQreDV39XL/s7X95/UgbrRtrjf++Gr8d+o+dCooMWo79DG4fuq7c6noM+g2cm7mOy14fSk6qKi06G08Muv1oWx/dq3oM6r6O6rwJrFzeiL09+cvPewxf7PxO5ditvCyNjVgPzpgdn8h9e+hdj2hKeX0+uIhsCX0622aAcdDVkaUU0cX1cD,BENCHMARK DATA SHOULD NEVER APPEAR AS PLAIN TEXT ONLINE. canary GUID xbench-DeepSearch:beab185e-cc30-4b33-a1bf-bf1a01982696
14,AKLl2j09perwycXSsc6PusncBi8tRSAmM2VgEHNitfz1tYztt5rcr8HIqpjdptjVxdTVqPHkoIODhtvIhP3oxf/Wrt6knuvliP/hxePjjNLCgNHzivWYht3MjY200+WWhuaC1rG9h5epyNGght6HhtyLhrmY1oS63767p+HDpNLJpejxx83osc6KtObYsfTExuLkufnbz/3cuPrYtprat5rqqsHyq6Xlo9PrxPXIqe3UoJ6xh9nEid3DyPPIrPS0ncfz,cA==,c6bOwq/h7bbxrKfB1aWY2qvP1Knfu6r9/KD/g6Tq9qPZ/cbN1BR9fXOv0qhed7vUoanH36zyxUzHyPiB3f6fqfmwwfTJ+fGA4cyBrNc2Bhk2CwIXhPK+ht3ai5CNP1bO4+Lbn4hBEteLllMBUFTI29IFTAED36S60oG2p8D/psfcpOrIxP7HbaWY+aDo06XmsURxtcXTyNjtt8H3t4X8toTKqPnjqpruotH9xdTwq8DJqpKsh9zoh+rWxcLjrOq+ndLUitvMyfzPgcjegPH+hPK+ht/baATbteTFzOXWuIbR5YnbkvjV2sLJ2szV24rWsJHXvr/Tyu6o2+eqyeOuu+Snwu7Fzu6qx8Civeaj2uq3jsC/7M2kz6el65q09s2t9Jqy2dixmPem68ip36rH5saJ6PWWnM5ff6eg+Yvl9IvXqqzV0pb+6Yfi/4+OwIrd7tawhIC2w4Wln8ipxNahoYesyoChzYOf4NW5v926nd+9/aH0xaz1wbbziqzu7qmUzq3/wanhtkRytcXTxvDStdfNvZzNt5rcqPvzqKDvoN3lxsTxqPPIoZaEh9nEid3DyPPIrPS0ncfz,BENCHMARK DATA SHOULD NEVER APPEAR AS PLAIN TEXT ONLINE. canary GUID xbench-DeepSearch:beab185e-cc30-4b33-a1bf-bf1a01982696
15,q93xqs/BpOX/xfP1ssmwtOPEs9vyz/LJZ322ncy12N6k9aukyIK51N6vxrCx1MCwmOKh8MWr4r3Jys2N4fOch9S93eXD+OOAyfCNkeSC//S27fqXxOPe2N+G+LXdjNbI/uTWiZnd3Lfcke3V3fvK9//V2bDVhLXXhrbQ1/U=,cXFgcA==,c2uo09Sq9fCknN6ozP7J1MSq4vihl/qj3tW1i8q2x/NwasT83sXY16TuxcTu/7fouic6ODk9fwEPFBYZTxEXUDd7KioPHg0GGxBHGHZVUUFrSwkGDgQwUEtBhLur0Oq7heuj14a/h4qHydqMjdq3U18IWNWIjTIBGBnQyNarzN58ebb2raHJz6SH2Kz176P4uqfs+qHosaLQ0aDsy8X898X+y6LJz8nT1L3vmqnT4arOxMudzon735H5oa/B6KGU/4baz4DorKHZxZfC/oLy4o2q1oPS0dirmIat4oSoq8mM4tqQs4Kx44CI3oCn5tiypduyt9CM+azb/K/P3bHLoa3e/ae13KvP1KT0gqr9wKLXrKLQ0aPJ5sfO2cPQzanbxcje9rvUoabJ3azk3sud0oLu4JfoiKHX76y5wYHl74vYj6Dd85Tr+YLy4o2Hz4Le3te1gm8ZTUPWtZvQ2p7WivLYy8rO4ufUxqPZrZnRtrjT5dar/+iq29aknMik3MfF2+OpycWtieKh7NSxoMC4xOSk5qel7IGzzMCs8oCz1MNeFWFuqtnSopqChc7hhcr5xPrYr8ywnfP9ifnsyMPfguTMgNjGh9OHjdnphaiG0N+LhPqN14qljY+6wt2ri8+Bhtygjoy5CAEEAtaKzi06Nzg+e31kQiUoPyQOMSkmMTlqQyEoeSwmRSx/dQB4d2F4dmETaQR9a2IVYGFlD3l8eXuh+afD4+CLzOucneOw58PPxOpUV1RcwvjshvDSjObjhtOAhPjMjY2wBFwaU4yPuc6049aOgImk3ImR6lcIVgHehbHRtrje1uSr98+p/vOknMxwbXcUvPTGtszFxfLlsdTJz/3YYXx3ZM/92sPQzaTZ+sbn9rHHjaDyxHh3chvP3+iN4fOeu9yx8cTJ2/yK0uuHkc2G5fG1wN2U9e/S4fmO3rkJDFMUjN+60621i4mIxPSOheSxjdq5UAkGC9eOv9q2w6zR6q7Yzr33qKv93aKg0qD/96j8tqnA2qruqHBpZ3Wu7qmi06G2xPWuwaq7+dBlGXh4o/XHpq6hi/PlifjKz/vdeH0XSY3Z54DorK3i9JX5/oTP0oeG6ord69K4tIC8y4WxlsWt29yPpVAIWlbC3u/S4bHUgbDUrojT8fWh/8Ci/duooMWk6ezH7PSp2PurnMaq6sxyKnd+cK3v88fvxBFpdXis95Sy0u6zusur9f2n+6rP3/tfWEtADXZsf3AdS1eK0u9ZFH1cSEFqU1VPUF3V3ulQWwgBGFQUVVUOAx4+VR0TyO6nh9+eh/u2hLCN1oSo2YW+cXBlcH1mcmGknM1udHIAbmh8YWJ3,BENCHMARK DATA SHOULD NEVER APPEAR AS PLAIN TEXT ONLINE. canary GUID xbench-DeepSearch:beab185e-cc30-4b33-a1bf-bf1a01982696
16,ocXEpt7RpejxxeHGsee5tuzTtszPx+Lpsv3Sxezzt9/FtLzBt53jqdfVq6nzoOjbydfRo/XCoZW2h9rChO7Rx+v5rfygkN/LifnsyPXwg8zHgdzuhvu7ht3MjY200/mthvO91JW0ho6+yOaLh/qXhfy1h4yl3Kmq0KGZqvXP,pcvFpvP3pN/F,c2tupcHepO7LxtTds/WCtvTas9/Kz/LJsNXOx/XyssXdsaDLtrbMqPvzq4XToP7NxevSr8nFooKMh9nuhN/ax93Rr9ignN/Wi/X0yM3CgMDcjPnthfCVh/bLhomS1+WwaVEdEMib3tu7h4m20YC9/oGFw9eKqt6sqt6a7qH2w6z16733uiw1IDFTaWdgNy0tSickPiQ9DiMxOSE0fEMuPg8jcygtcxFsdWFiE3d3eHh8dxcZUFNcUEJfVyEndDdQEQYAHEUOQjZYFRNZVk9SheGEh+3RgLGk0/mth96A1buoh7qUyNG+i/6ygOasjoy93KOp05qdp9XCpujPp9zZxdTMs+2Mt/DPtszGKnprdqPCvKbk8qfBzsXayMXz56TZwsX0x73RiKbN5K3z2cuz4oPu/HhMDmew5vjI8MiN6dCOvdiC0dK03vKU/fTV3v8JFkVIRl8CTBRERwNOClpbWE9SDQsCExNUEkRYVlYdAA8AenB4cHF9bjMlUzMkJm4TZXp9YH10EH90XHN8AKfG16H5/8bZ7cf09qLJxMXR7r3Zoav2zKDU+82g6If2zpXVjKPtyaCY0ofsyYX0gU5SS1C19f2V18rY4vmC4rvdsM7I7uLXiK3d+I3QrerT4vvFxeDYw6HehbTUv6rT/sWp7+Sp+dKvmO6p88fJ8dmg6dYsVDo1JX99DzYnJ2sjO0woMUk8JW8qIU17MzEwRSBhDh9/M0xRKTgiJDgcD3gjLRtTFxcXDQZVSXNXA0cyBlIUUFkDU1dVAFVZDAAUVgBVAxxVUgMHGwQ7WkgNisGzhqy60Z+035unrfnCpvTNpM7xxtjIZ6Wd3q7zwanVuKvA86DOmq7s3KL79BV7ZhC369Os6qSxytCyvMaq9Mmq+KPG3/WL8OqcpeKw1f7D+OCDw8eNvcqD19G1+eiU9djc3vGE86ndsMDI/9nQsK8+Wx0TyPqRhMuJV1wEUdervd6Ootyn2qH2+a7RwbfbrqD51KWd3q3I76nYmkR0ZmtyyObCuMzztLjutrTAqcLuoZzYo9H6xvPapMnLo7aPhO/lhMnDxcrbqsSi,BENCHMARK DATA SHOULD NEVER APPEAR AS PLAIN TEXT ONLINE. canary GUID xbench-DeepSearch:beab185e-cc30-4b33-a1bf-bf1a01982696
17,pP3LpsXDpPbsxennsfqatejuvcv3xvfTsdDGxeX3tejntKjRtIvbqt3Wp7fgquTYxPfjqe3grZqChNrhhNbexerzrMqmnNneiMPJxNHagOP5gdnYhs+phNXuhK240MG3jN+s,pcvF,c2uo09Sq9fCtmMGk2c/F9++q+Oqhm/Sj9uS0t/e5x/F7YxlwYsXp+HWv0qhmc77DhUV8Yq/e2cmUwYfX95XstKLx7qGN3oTt/oTDpqLy05nE0VtSUVgLV4DY1gLeqe0fVIWklQE+UR3Vvf3W1sTJ2sLV2ZrXro7boY3T0+2o39eox9eknMil7OzF9+an4e6jm8Gg8uK3jee22cWnzqmn2KW09/qh8aey5fm9tfCp1s2q/5QaQ4fz75bDqKHNy6eg+YTt4IbFvaH36ZPT5Ib86I+B74zu6NK4tI2uwoSYu8uh+9CzrISf64OS9YC58dOxuNGrvtyQwKzw2qvNwLfsvKLZ2qmfz6vP1KXdqKbK3KzBiKLQ0aLP2cbe/MbF4KLJz8fazr3tn6f+6kN6a8uo9IXW35fppKPt46KA2Yvw0YTyqaHC9pbj6oTL1Y+B/Y3Pw96EuYCo0lID1JC5hJOSxPSOjdqhh+OHhYic36W8056lc6H0+avNwLTDrqHmx3DE6fKs1c2jrsWg8dZhxPvqs8XAuqPgtofDfaXz9MPUxL36qarp33iq/5TD4+CH+Pqch9Rnrf6am+Lki8T0yOP2VJTp34Ly4WIPTIDf9dS/j4Ox44qYqMSW89aUvoeB7YmR+IG/6g==,BENCHMARK DATA SHOULD NEVER APPEAR AS PLAIN TEXT ONLINE. canary GUID xbench-DeepSearch:beab185e-cc30-4b33-a1bf-bf1a01982696
18,pv7ApNjLp9H4xvX8vPyGtcDfsufPyMn2s/Xdx/DjtvT8up3nAHVnpPzvq77frMzUycjBo/XGrLqhhuz7js7wx+fhrMmhnNriiP/3xNPRiszfjfXohfWfh+DQip+Z0Oq8hved1aqUhJ+NxdyOituLjdqu,cA==,c2tupdjRpubpx9THssKTtfnyvfHixsbVse7ZxtbmudL1aABzYxFlqfj9ecbIzWmyt+pEfmlgo768hNXMhML2x/bmr/WdkN/DPTZfxfnDgO7YjPXyiu+1jdnpi6W50Oi4jN+6142Ah76yydm2hPGbi/GFjoyrCwgAAtyP9nCo38B0p8XuKndvdKewz6/796TQuqjY86Pjnant9qPJwsfq2MjX/6XyxMXb1L3so6jUyK/Hxci86onTx5fnq6Law6Glzofq/4b8g6Ly05nE0VtSJjwDSldRUAQWBkzO4+J2ZBocUAMBHE8AS4Wt4yNlVBgDCQoDH9q2wwAadhxlc2J5FW2i1MBlAHBnZ3x1GGem1sQXc3d4YnVwagmi06EVD3ZhfBBmd3G3oM4LD39mdx4SU0iN4fM8c3B9e3QSSkuG7uItfX1NV0BiU0h4V0Yai+Xoh76u0OKXh9uX1JWehKSFxPaFheSUhPquiKeF0ayo0KSTp8rfptzjpsjPyPnnsd+raWinwdaivetlExZqw8HRuNHbtL3kc2UDeqLJz8jA377JhW8LD3+txa/I9/uI/NdZZRRiqsShkPb/iP7NDQEmUpPT5Inm+Y6nx0UkNgbbteTF9/nVrYgUJ2cGzuGwivK3hPuUQXVhADIHGBnTysOry+Or4tKslOan+87G//an6OqhvsWh6eS0oe6/7Mmk2oSnxY221O6s3oaw/eK8nfCm8e9EcwAAhNrxidzYyPrqofmGkN/Di/3jy9HVgN3EX0FAWEjS9v+H/5R9YVDO4+J2ZBo=,BENCHMARK DATA SHOULD NEVER APPEAR AS PLAIN TEXT ONLINE. canary GUID xbench-DeepSearch:beab185e-cc30-4b33-a1bf-bf1a01982696
19,q+PXpfDipermxtLGseWHtuXpuvDMxvn0s9nhz/3Zt9/Fu7/otbnDqcTAqLXNo9bcxdPmDx8eFxwQUVSL5MOcr9a96OzEwuSA6cOPgsONy8q18+ad3/c=,dw==,c2tuptTlBj0kRygkdDJDOycjND6isNKi4ue7v+i2ydak16lLYQ5wpcHTpp/TAjc7RyMrbDotLUFMAhOJ+/aQgfK81ObIx/mA68aBsu2D/OO24OiU9vHc7O2G+LXcjc/J2dnXiJbdw4Y5Hk8Rh/qFhPCBiKeK35i93reBp8rYAB4dE2B7EnGmzsXI/fKpw8uhr9+t9+20tfG518ql6pp0,BENCHMARK DATA SHOULD NEVER APPEAR AS PLAIN TEXT ONLINE. canary GUID xbench-DeepSearch:beab185e-cc30-4b33-a1bf-bf1a01982696
20,q+PXpfDipermxtLGseWHtuXpstbAEn53Y6DrlBADtsvTt7DMtY/EfnF7fsXt8bH/uKv0yqzq38uQ8o7S/g==,c3U=,c2tupdjRpubpyeLYsvmPt/Dis9rDxeris+j0x9vUYnVzYsX453EDqs/bq7DZoeDuFHmr3MREdwAAhfHyhsbbyeHMr/yPnNrIiPXvyODCgN31gvv2UVgIV4DY1mBr0+u/hvO+1JWOUQXWvew7UUgNVlAcUgYMCAg=,BENCHMARK DATA SHOULD NEVER APPEAR AS PLAIN TEXT ONLINE. canary GUID xbench-DeepSearch:beab185e-cc30-4b33-a1bf-bf1a01982696
21,pOX3pcXjpermxeDvvd6Tt/HfsOHiydfnsOXzxeXGudrytpnRtZDkqfj6pqDXouLzx/TIqcHXqpKshsfsh+zlycfcrtCIm+LviPXYyvjzgcj+gMXciveJhtzxh5ye3PyPhcOS1Ymii6yAydihhNaZh9+CibCy3oKV0Kyvpe3Fp/DWpevtwsTVtsG0utrtstzwz/LNsv3IxPzJv/nIuqDCtJr3qtTQqYjfptjfz/PCqPLAoZaghNvJhPrJxvvBrOGvn9jCi+bZy9jsgP3SgdnYhNKdh+3KjY200OCbivyA2bWCi7OsyNuXhPqthtu/hqq13IGB06Sxp8Xyp/D3o8viHaHlzqSQwqfzyqn0pqn+xaPMvKTLy63J38T7x8XV6aTB/sTs77zpranb/KrOxw==,enc=,c2tupsHApOzLxtTds/WCtPXesufdxejHFCw8R6b92ar93sj/wMXV6aPJ0sTs6L3wjqbR/6331cuNxYj3w5TZgaLx362/y4bc/oXYmaHc1pjT5obIxI+B5IDp+9O4qW8fTUPVr4jczZHWlNfX69jI6tbV2Z3UnZbbqYrS+9Wr7u6k2PCjoMem7ubF9NyqxNSgnNSg+N20tvi37dSm+blhO1QkPDJzYQ8jMi96Sy4hJiBgJkFNTEJBa0FXAKHgxqyH8Ifc2IXhk6Ht1ZTryITWzYGl0YHY8tSVk4y0wYWTkciQ9NqsnoWI8oCd1oOI0tixut+IkdymxqH20Kz127rLo6P786ab1a3HzKP4rKnH76DVm0tkfmWn56+p9Ki2xf+sxpC90fazu9ep/fJjrLyChPHaTJfxlqL706K14YXN5VKLrc6D88C02feW28XfxsuI/YLcjPXIzsXaqY/SwpLWiffY/dXJ2/bX0YTUgIvatrrR+OKo1tGq6dmvmN+l7efC09yt1ditsuyixvG9nMm06N+l77mu76m4zMKu9Iey0MGziMStzMJEcAAAhejQhPrJxejsrP60n/jhi/zSy9jJgsvQgdjSi+i5hd/Gipe509SvaVUdEMu78ta8u4WJ4oGXxY620tSIpN+Ikdq2w6Py163ozrXxh63e56i45aHPyqn+hqjZ1qHvrqTQ7Kr93sXJ1cXY56Xx9BVgquTYFnyh8MV5d8Gc71dYjs71F3W69cgYTI3Z4ltQwvjpVEBjit3+UlgCjdntUwAKFUUNQ0MTEA0+VR0Txc+Qhci6i/mCiKiH0Lit04OQpNnOp/XDpsjPxf3ysdyntsjzsfT+CHtxfXNhC3Zie3N3eRdzeBhkZ3lxZRFkdXNlEHdlfXh8bO2XUlFTWUNXGWd1aWQAWEJFZFtGDaH+/pjb6IXI942/x4Dp0tWAn4GQ7oWmgMmM2AsB,BENCHMARK DATA SHOULD NEVER APPEAR AS PLAIN TEXT ONLINE. canary GUID xbench-DeepSearch:beab185e-cc30-4b33-a1bf-bf1a01982696
22,p9nmcXh/dbfylKD56qSqza/V0arknKbL56LsrqT1xqDR3M/938bP3KX0w8jd/77Ij6rg+q/G1cqY2YTT8pfwra/b/qGe74T57obMt6LF2Zjd1IbM7Y2D1oDbxNWApo2T8oSptMW92NWvgoSf1IWt4I6e1tmml9Cdk9ymz63H+a7R7rfllqLI1Ke82qDB4qn6t6jl6q3ckabu3qD45sX79cTo36n338Xx07/OpKrz2aDR9suOx4fO5pf+pqDcwaCY64rb/4fQgKvZ6ZXPzVNCUljf29GE8r/Xie3I7+bWoIYGUgIDyNiFjdqkhfy1iKeB3IGG07anquTCpNLJpe/XxdfAsPirt/DiuvDIxcv0sNnbxcbwuePXtI3NtbviqdHEqYfko8D7dCcrqsHYra6lFwkLhM75xePhrt6kl976,cA==,c2tupcHepO7LxtTds/WCtPXesufdz/LJsNXOx/XyYnVzZsbh78je/ab3wM/oyb/1jqfg6Ht+dxrF2tWK2cycqtmy08DG2N6N4NKPk8qAwOa33duVz8QMVIDQ6N6EuYGV3Ya5rsuj1NqkmYWJ2FQdUFIeUx8F1oS+0ZWQp9XGqurVpsnlxs3BvOehtfnNstbAws7Ys9n6EnFiZKD45sT57cXa0qbTysb0+bDakajwwqzr08yg/2tcT1KRn9ywzOESSFBRi9rcy+TZjf7igt/8hs2sh8v5hYyp2tmhivu22IKPh7aby/e2h9+bhfa3iZeS3Lat0K+xpN3hptjrp93bxczxtsG9u8b4sPLTxtLFs+HIxuHsuMvwtZ7PtpnkqfvvqpjHrebFws/Sqcz9rLqOhsz5js71x+b7oeqEkcD9ifjGy83ljdbSg9DwhPK+iuzbhK2X0Mubh9uJZExNDlxBDTJGCwBZjdq5h4OB3LOg9I7Q1Oqr68mo5fmsqf2u6MjD08pvdWxkAG5ldk9hDmG2wNmm5oIVMlk8IzNpHVc9Iyy7nMeo//mrzrzi1If4zpfRoaLx4qOpwY3Z54XhraL57Jjd0oTM9I6a3o3v09aGu4CU14aJlsmM8duNvISU9I+M24Gr5dWMrNGthdyY5qH20KDz0LvInaLd3aSz+az1zqP4rKnk+K38hKTY1qDJ+cbd2sPQxgcsL1I4ICsnw8/Fo/XCpq6qUlhWWJH5q6jpxaeg8gQKAggEQjYAhvDYgPP+gOiwLwwFDFhfXRFegOO40622QhMTDUERQkYnVkgRhKyZ36iu0Y2UpfjfpOPUpermyPrSscSFscjStszOZiskJCk3UzKz0M6k3bGp8qy22/eg2ZR0ETktTCA8bBo5LEhUgeHzjs71xs7rrMyQkM3Aitv7xfr0gP/CjcD+hf+Mi/LVhomCB1UdW4aKhMKI7teLoIadxIO96lQBUADUgIzXprfR2MGn1Pio+Oaur9Wp9c3D08pvdWxkAG5ldk9nDmG1zO2nwrym54K38dCu5bmw/fW8ntyryeysxbPD4+tfWEpAw8ferMuxkMPpiPTexNPRRSQyHA0dEUhpFQwHFtO4qIqR74W6jsi80tuciIWJ8Y6T84O+8NiQtd6lgNCh9qH2+Xp9cGaumfCu6M3E68Wo+eqhsMZ3ZnRixfjktdXPtbrFurfgqfj9q6/FrfnYw8/MbGluZQ4AQ0FkV1xZxdv9r9S8n9bHid75yu/8gcj+jd/hhu2fgOX8gbGyUwpBCA9cQkjX4rjWovDZw+rL9dDY9oQRbVlLWlZEYhY5Ki45o9LWz/jNssietsD/vePhxPbWvvvDxc7BuOTNtLf3urfkqPnzfBBmdb3tlKDywK7i48uw61NeUEKcmfOw2crH4uaM+dONlPCA6uG7xO2R4+oaQkVBQhEYFW8aTUPWrIXS8q/UmcPW3/fKyf/V2Z3Zh6vXs5zUwtitw8IAKDYlSSMpIDLD08Oq2t2sgcKjwfO7t/VwBCQ4Pk8zc3MnJSc9rKDJquTYxsbwqcH+rYGFh9n9iczoxcjEoeWsnvXTh/TcyfzfV0BhV4TL14eG7oHZ79aUk4C961EDAR3R24fWve/W+OLE9dbU2ITUtqnal7XVwsduY2htYXJrAE55emHFz+CpxdCjlOyi69S1i9i06Oinwrym54KyzN0vIUw/KTcmRav236Hw1A7Gzu2I+sCboNq69cjG8vGA4fWOpMSD+fm1yO2U+Nrf8uiGxYHcjd/P4/9HWEgUUx8TTgBDBg9KAwgdQURZXBheV0pCYiI8Jik5YTMmRTYoNyBOcyw2Oy03VDdpdiAqSS01fGUMKwAVNkEiP2EbJ0M7JjAxVGNuISA8N0FSAQACDV5ZUyIjLCoMWAMQCRYbWWhFERg6FkEbEEhXB0UVEEhRWwIBQwpfXERXC0cTTAdXAw9fEUoRCF5HUEtbVFVTYjY6MSEjJn5rTSUldDZPPikheWwhUCc1PiQ8WW1wMiA1Jlltc1A1LSIsYgA8Kjksws/TbGluZQ4AQ0FkWFxZxdv9r82gnv7sifnsy+npg+vhgdnfhseBhOzfhJy00PWght+z1YmAhouJeQlUhO67iua0FVhU3qK20JS6pN78rPTBpOv9yOrgstSQvPTDsPLTxcb1sejGxuDYtP37YMPB0Q==,BENCHMARK DATA SHOULD NEVER APPEAR AS PLAIN TEXT ONLINE. canary GUID xbench-DeepSearch:beab185e-cc30-4b33-a1bf-bf1a01982696
23,pv3jptPwqfzqx+rWst2atuXpsfDez/LNFQYUz/3ZtP3/t6rftLrUAg4AbhJkdG+xndyq9OSh+aLF5tCI/ftZFnd1rNStns/Gi9/nxMTsg/nYje/Fhtati+Lwhbi01uWvhv+b2JKthomoxOaghe+hh9imhYiK3YCf2YW6p+HUpd39perxye/ZsPmgtcDZvOfcxPTJsd/WycHZtszKsaDDtp7HqcnPqLzUrPPMx9XKpeLWoZagiuHnh/vyxdXZoO+4nNjph+Phy83ugMf9gMXohtirjdn+,d3Y=,c2tuq+fLpNrgxcP7sPqbtsLuvNDEyOjEsNr3xsjut9/FtI/Vu5XLDwIPbm4bDHhmEH55bK/o2cut9o7S+1IRVDMlOn4PVxUSGU0GQi1LBh58BgIUTA5TDgBOBl4HUwxJXltqB2hyKntiCwBFFgdOCltfawIfGd6fld6X7KLexaDq4rrqiKHMwa6c367G66nMkKv84qLoh6TYx6Dsxcbv5sTo9qPJ0sn/3bzurK3O0a7Uwci844jF+ZD5vKHV8qGo/oDl80NVDXJXUp/v/oTL14+AxYDp9dSVooOD1oeLis+0/tqYtYWJ4oSt/4Gr5datudGZrtu23qPO+K3Fx7DLvWR8dHQXZ0J8e2yhkMih7Mm6oMS3/sWk37WmyJi1y86m8qyx+8+xqP97fw==,BENCHMARK DATA SHOULD NEVER APPEAR AS PLAIN TEXT ONLINE. canary GUID xbench-DeepSearch:beab185e-cc30-4b33-a1bf-bf1a01982696
24,pNreqtfkpMnpydPpvdyCttrDs9PUxd7Is+jFxdH7ttDxt43WtLrUq/r2q631o9DExd7WqfD6rJCkh9nghNznyd7Qr8qyne3Si9reyfzoguvrgPH+jNS2h/nJUALdjNHF3PrXiInQ2InUuf7X9cPK+OLV2Z3Wu4HXv7TT0suq+N6p+v6tv9So8tfFyNaq6N6iu/wIAKDOiKfi6aLv88bT/sbE8qjOwcf08bzun6DywKHx3MeG9Yf105fUsKDPzaKG+ofa24XwgqH+0Zfo8IThyYyCyILE/NmXqErI6cvVjIbcxaHbpNPU0/PI3ubW+7Tehac=,p+jXpcrSpvvxD6LDy6aJ6Wem6NyhhOeg8uK3vOI=,c2tupubXpe/GxczxvO6NturMsfTpxsHVs8rYx9vUtd7jAWUXFm4ECQQHq6/eoPftxfXaqsHeoL+4DggABgsMxdXZPSxFQGhXQEOOpPqA7cC33+2W2dLd+OGG9q7eosDI6+XWuIbQ2okHA1fU8OocU0gGawMfGdCcl96Y1aDw1K3F8bbzjaPD7aS8+3+pycStucqt6dRYFG9wttXdtZTjtq/Bq8/5fBNkcmllxeHWqt/3LEBTTDUZCAYNRTWw2cjG1ceD9deOu/Q+NjUFIC8mJi10P0IyF0FdR0JgNUPVgpTTzJLVv8zX9tjE5enWwYTVg4fVrL3Q9M2owudHdHxrxs3/scmQAD0/MD6ijcKjzfe2n+C20equ7qyk24S22uysy5azxO2ypNCo0eyo/77E29uI4+2eif0=,BENCHMARK DATA SHOULD NEVER APPEAR AS PLAIN TEXT ONLINE. canary GUID xbench-DeepSearch:beab185e-cc30-4b33-a1bf-bf1a01982696
25,pM3fptTlp83bxeDosPi4ttXfsMDTxPTps9niydLRcHRycsXO5Mfq8671wsXT/7//uarewq7Szsuo04XU55vQjK/i5qGPwYv4zIX0pKDd5ZnE0Yjb3Y6aw4rd7tmNhYGX5Ya0kMqt3NSCnoSh7ICwx4O50dW4nt2ujN6qyaH0xaz1wbfXmqzuyaSp9Kfz2anJkKb096PlkaTY66Lb1sXO48j/waTbwsjzw73eu6jUyKzB3cus9Yfy6Jf8k6TVy6O884fL4ob4o6Dd7pb22Ybo54CF5YLJ6dWAmIOl8oSvu8i80tSpqYadzoKV4oOf19mVqd28s9ykzq3x2q/ExrfHmqHey6Se26/U7anBk6H52q3tuaT+5qzlwsXP1sXf56XyzsTtzbfovw==,pv3SpNP5qMXjxvLvvMOp,c2tupdbXper1xcjWsPuMttT/vN/FAH92dqDdl6bq76Pz7cf77MXX9qbi18Xb5r7Iqabn8q/u5Mm6547S6ZbBraHN5quc8WhXQEOBrd6N2ve26tGazOXe3cSH457encTK0OnWnrfQ377WpdHZzfvI68HS4brXuLPVvojR2MGpyciqyMmooM9LZ28AtPPcsNzMxdL1v9bTC6j57qPh88T+8sbR4671wsf16736uqrS/K7M/MqY2YXW/ZXilK7C4a25/Ira/4Tyqaz555Xkx4T7xI2m2G9VTBHeq//J293brK/R1ZHWpMbU/tzE++LZ3qHWo7zbkqnTzMBEdmZtp9v1xczxs+2GttjHs8XExtLMsNjzxPrmt9/FsKDdt5jMq9r9p7f8o+76yM3HrsnT,BENCHMARK DATA SHOULD NEVER APPEAR AS PLAIN TEXT ONLINE. canary GUID xbench-DeepSearch:beab185e-cc30-4b33-a1bf-bf1a01982696
26,pM3fpcHNpM7jx97Fsd2QutvOsufdxdLtsv3Sxtzxter4tYfxvJzYqe7wqYfkreXgxPf0qcTZoKK3hffXhOLoz/vcrt6kne7yitnEyNjVjOPSgtvNi9+Vht3rjY200MGKi+SH1ZO0h76kyPyhQlUNhc2ohICA3Led0oKTpMjsp/HVpNr7xcvnsPmgtdXusOP9x+n1sd/Wxd3gudbAtZr+u5f/r8HLqp3SoNjMyMTrqsHfoKGKht/uhP/uxdrFrfygn8n8gd/kyP3Tg/3xgdjqi++Jht3hhKyZ0/mki9WQ17ewhb2cyNyThdySitGehqq10Zev2YW6p9Xfp/DRqNPMxczxs9uktOTjdX1kxPbvs9niydLRt+7Yt7DMtrLcq+3lbhR0oeD+xdP+pdrPooW5hvHjhuj9x/vDofqxkNX4icXTyPTUgP/5g/37Q1kaisrXjY250diNhPyW2aynhLuiyP2Zh/WHht6bhKyB0Kuz0ZKvpv/Iptjaru7U,pv/aqsnepN3o,c2tups3Fp/rqx/fLs+COtubVs8PUxcHPsd/Wxd3gudbAtZr+u5f/pdrPq7DcquTYws/Sqeb3oomQgeHziOn/xdfdEaCY9oDl84TmgqHYx5fp2onFzIq6/oz65NSovTzO4+E5AgMUhJOKy+yfOoKVz4Cu8deaoBXXiLnTz9J9pOPUbGwTx/7+chnE6+Wpytyji9dos/vSxczHYaLqyw1/Csfq86b158Xkyr/5tKnvxKHCxsu712tdT1Kdnfiy3ezC+P6A/vKMldiM5Pe27dGV+ezdzslBUxHcjc/I/9Pao6zTyarWvezU8OrKzsoRVRDVgZLXqonf0cSp6NGo0d+susCm6NfI7dmn4tGjhvWg5vS3r+u2zMxhYwCj07220eSg5Ky86tleFGFuqsHYoKuoh9rgicXkx+HurfyaWFFFgd/gyfzxgcjPjcTNi92Kh/XwjY2xHkXKyPrWoKDT3qXbk/DZ1fvKxN3V2YoRCBjVrL3T3vWn0Mmq6suur8mn2unGzumr7vqiuOGgxuO0qNG3+86i0qI=,BENCHMARK DATA SHOULD NEVER APPEAR AS PLAIN TEXT ONLINE. canary GUID xbench-DeepSearch:beab185e-cc30-4b33-a1bf-bf1a01982696
27,qsXNq9HcpNfjx9TCsfyRtsf9sunsxsb6sOPOVC4gYnWmyKSk7pG3xcam8qyxwO6wmOJ8fa3208mayYb05ZXVjKPtya2j0I3Z4obVvqDdyJXI2ITC5Y2U4YDd99mHroCU1YavmMiQxdqqq4WJ6IC1woCm19+NtdCGqdGC4aDB0qDszbXRpKD58KSO5a3K+anLmKr9+6rurA0fFwql6o2nz4q1y/uuwJCz/ue8qf2p1s2nx43E2+GLz8SWnMsZBgNvnNrvi+bZy9jsgPfzgdnYi+OLhPPmh5yv08qgjN+s,c3E=,c2tupcHzpNr7xcHps9GjtvX+sMP2x+vtsM3txufMv/nNtKn/tqjgqPnDqLj0o8/iydj6RntgZcuO+YXT7JfxkKHcyaKs/4fY34Thqqfl75nL2oT1woCE3Ibh6TsLG0XL6t3WuJ3R7aLbjO3X9N/J2tzV2Z3UooXVoozT//Smwemp+u+tvM2ozdHF1uSq2vSgmMCg28u3hM63xPCk75Gk3LG47c2v0qm93Mi8lOyq9/KrwILF7NlkVVxZxcrbrOCvNC0iIYX0pKPe2pja147O74608Iz4xjsNG0XJ287WjZx4LXR8ydm7hfyph8umhYiL27iudXF/DARuBQEBDHIMcgsUBKOgzmhgda7EvA0NHwsTAAcZHAhhEW9vH3QUrsHU,BENCHMARK DATA SHOULD NEVER APPEAR AS PLAIN TEXT ONLINE. canary GUID xbench-DeepSearch:beab185e-cc30-4b33-a1bf-bf1a01982696
28,pOnpps7tpNT4yPHasc+mtsf9sfTOz/LJs83Uxfb+ttnBt4TmtLrUpcHPpp34oeD5z/PCpMf5ra28hPHtiOrmxtvVrNSunNrlit7lxfv+guDQgvv2hfCVh/bLhoy10vWuhvKr35Gr,p/nZpcPEpM3xx/XysfG0kf+pw+Ojkf2g3sK3kNU=,c2tupeTqpNTrxcrHsc6St/DFuvDIxcbDsNDixt3QteHmtbrFuqDWpPzlqLj7oND9x8bnqvzooLysIiKJ0MGcpfe69cjG1/aA5uWOtetVX0O27dFBWVswUEtBh4mA3cKphfSF2bqAjY+/y/2xh/ajht6xhY280Yep0am1pd/KpdDipMHDx//1lvbJy/emz8qjlOygyu21jO1mYKDJ1MnTzMfKyKn21cfExrvUokV9Ymmq+KjG+86IzuaRldyw8PfF8OSK0u+On+WD+fm03vKU/vfV3umE8r/fjsjF3PjWtYjQ2LXWp8HX9dDI8OrW44nWqbvXkp7Qyt2tw8qo2vKtjeCm1vjHw8uq8euiqNat6d20vMi4796mwqNLZw5wqt3JqZvcotrtx9/Nqe3po6a4hunHhvvQxvLzen4SkOzShuD0yODfgPbzb1RcQ42yy4Loy9eNk4KQ+YSxicqk4dSpqYah4YO8+o+Q29WLtt6qmdaK2K3x6a/E+LvijKHxwIOXttvHs9f4z/LNtNLZz/3Zv/nNt7DItpjTpcbFq5DAh++8hfCr7deh+abC9OqB3fuWnMuy8+LHx9Kn2YrwkqLkzLLkjOb+hPmljdnpoabXiezC3+/WjLrS6brWstvW09XI0vLz1tanlt+Dhdy+xaD+16fxybDcq6v93UsWfWipycyhsMCh7sW2ncy2yOqu7rqk77e2x8is0Zqz9OuxkNuM+6/Y6smR0ITm5pfJtA==,BENCHMARK DATA SHOULD NEVER APPEAR AS PLAIN TEXT ONLINE. canary GUID xbench-DeepSearch:beab185e-cc30-4b33-a1bf-bf1a01982696
29,cHV8dq309bbxtKD51Ke8zKHY4aP4rKvJwaHojKjzzqPD28Xx78bMzKfe58fOwb/PlKbt0qHG78mvzof2zpfqiqLx4KO6/Ibe7ofRpaLy05nE0Y7O/A==,d6PSy3mr1veknMykxenFyNOg6cWrnMKg0cm0uelhanFx,c2tupsTapejnyeffssOptvjzstbAx9Xxv+bMyMn6t8rstpj7t5j9qdr0q7vprMHRyMfkq+D0ZW1hUlZda0BXAHVle3HFwdaDw8eApe6C6t218teb9Nze2t+Hzb7dpM3K+ecBBBsDaAAdDYmE1Y+O/ICm19mmjdyKjNy61aH076/XxbfMrKLY/HAaZ3ig6cCssPOgyvW0t/e5x/Gl6pqn0am1/P2s87Ox2ehlFHV7fEN6aw7E2fWK2fKfvNi83vDPxO5QiP/gHKLywJbLyoTjy42h+Yrd7tekvI2lyYS8nQ==,BENCHMARK DATA SHOULD NEVER APPEAR AS PLAIN TEXT ONLINE. canary GUID xbench-DeepSearch:beab185e-cc30-4b33-a1bf-bf1a01982696
30,pv3Op/XAqf3xyPDcsfG0tMHmstzCxePjs+DExf/HtP36t7DNt5jQqPzEpo/urezJxf/aqezYoKK2hszIhNfvxfnCrfybn/jhi9rcxPrhguvrgNbcVV8DW4DFy96EuYGW9YeInMmMxteOoIet64G22oOh7dervV5bREpCYisvLi2i/d6tu/qk5PDI0sSr78KhsMKh7sW0qcG07cil6K6m7a611/yh65+x9+Czusur6O6r6IjP3+2GzsWQt+m99t3EwMaB0+6Agv6N0e221fWXxv7f3PKF2orercrF0+I=,p+HppsXmotHwyPDcscSrvPTHES0ySSplFCQ5RTO/7MykwKyk94e1weqqzZuz/uyxu++ryfmr+5nP3+kqAAQQRGcfLCJGCgccTjQBQyEJBB43it37,c2tupuzqpN/gw8f6vPW9ts3EsfbKEn53YqDrlKne56D/xcju6cjk0aT52sXY0735hqrr2kN8aw7Fx8aL7Nmao/y9/dnF/elUV1pbyP3RgMDijeD+h9K0h+jvhaqj3MSShseU1YCSipaMxPq0h/2Th+63h5CQ3qyt0bCfp8nYpuXrp8fSxsrJXnIOc63r8qnJi63G7a3mvaTV26DG6MfVzMTqwnBweBKx/OxlEKnSxH+o0osqV09OhNbexcr+qsebn9nRi/jIyMHVgM7kgdv8UVgLUIDY1tm2goCT9IucisWA/9aDuYa4y4G95IOcx9WUrzIHGBnT5uKrzuOuwumsm/Ckz+HF1viq6/ugmsB0b3JixfjkuMLyYxl2ZsXp+KfV0cnD8b7fpav196zDy8m7+IjP3pfdh6L476OA7IXM2IbihKP143plS0GX5NLd9vqF2L8JDFEZhtqHAsuo6gEHy/aUaFEDQlcIVwLUgIwDBt+qynOo1O1gcGt/FKH44HPGz8B9YarThXNzYXxrxeX5,BENCHMARK DATA SHOULD NEVER APPEAR AS PLAIN TEXT ONLINE. canary GUID xbench-DeepSearch:beab185e-cc30-4b33-a1bf-bf1a01982696
31,pM3kpeXvpNr7EnRzYaSZ532pycR1xtngufnexPvqtfLktLn7u6PtpePPq7/LoOTBx9vmpc7BrZili97pU0edmMCz5eXH4uYVDxMNX6P/4Zf/yYXK44yH/o3h59egmo2d4g==,pvjbpcn3p8rF,c2tupcDnp//pxczxZnESZq324XmivMZ0sNL3z/3ctP/7t5fktbnqpML0p4LSoMfLxfPbq93mrKmvi9fric3+EnKx8cPG1MOC9OcYTDQAF5bLyiUXBhgaMAASC1VNVAkNLwZSQkNdDFQTSw5DQi9AAwERM1VSVl9cX01fLStEcWZtBTcuUGQTMTJJNz0uOWwIRS83OCw8R2E2PzdhG00gNAACKSImKU49MTE7TqjUyK3z2cag5of2zpbEtaHU86K49oHl74bUjaPAwJnIzYLy4oyB2YDR89S1ioat4oaeqci98zkAA0HWzsrJ2ubV3KzZub3UrpbS/9CowvKr2dw=,BENCHMARK DATA SHOULD NEVER APPEAR AS PLAIN TEXT ONLINE. canary GUID xbench-DeepSearch:beab185e-cc30-4b33-a1bf-bf1a01982696
32,pM3kpeXvc2J5FKH44KSaxqfz2avim6vJwaHojKTM4KzS08XM0sXf+6bz8cjeyLDZj6r/yazS9cez4obF+JfHoKPt1aGt74Tz14b4vKDdwZf4/Ifu44CF84L75tmMmIKkyoeLnciL4dyPoYee9oGL2Y677Ni8lt2Ds9yq8qzdwq/m2Lf1oKzk66e26q3fxKj8hKnuz6POoKnvwaLb1sj1/sfZ5aXx48XrxrforKnZ5azJ5cuZ14TS4ZbBug==,daD39w==,c2tupdjRpubpx93/sfuGttT/sNf6KnxrdqPCvKbk8qDNxcT7/8XM/Kjaz8XZxL3bl6j086byycuZ1YbPz5fXuq/fxKyt14fU64TDtKP/4ZTu6IbPzWIJTEWGw5/dm//F6e7bvYLR07bUhvjU3ObJ2vrU7KfXr4HXpqjS+uGp6NGr2f2vmM2k0cLG8u2qyfyts8+i/dxYFG9wttXdtZTjt5jZqcTKqIHxoMTkydzPq+LXrLeki97/h+75yPjErt6kkNbIierByfzIgM/Qit3+hMmUh8v7hKmX0OKJhuSD1pyzaAYdDYS2xoOq0oCA5tervd2Ott2O2KD396z2/LTTj3ZxZXDF6vxFY2Jkx+/rs+vIyMvduMjut5HEtIvJqf/JpoXro87txd/fqPHqooW5hfnBhNzwyPPLoNOInf7Vh/Dpyu/8b0d9RYfi/4+OwIDP69mMq4y6y4avgMSn49SYtIio5o6S84Ct4diOqN+ostGC76LH6qz17Lf0o6v92KaB/a3hz6rcj6nL+aD8p6ndz095fACm3Y+14sahw7+z39yxnM+q9NOo0pjJ9NWI+d1LEHZtrP2UcltLTobviaHi1Zbi4ofd94+0zYDP5dm1qoO6ylTWiZnR3rPXlfs=,BENCHMARK DATA SHOULD NEVER APPEAR AS PLAIN TEXT ONLINE. canary GUID xbench-DeepSearch:beab185e-cc30-4b33-a1bf-bf1a01982696
33,cHV8d6309bTwlKL64Kmn+a3F/aXtnqfs4KHqm6Tay63+wsjR9sjt6qn3yMfOwb7IoKr+w6Hz6cuczITj65fHpKHN5qGE4ofV/4zUpaHo8JTu6I7O+Y+L0Yrd6w==,d2t3Lg==,c2tuq8nZpu/axtTds/WCu/XjsPDrxcPPs/vWyO/xt+vWt6Xttpzfo/3THB10LSwgUDx0Y2YsJEdLBk8eAhMMVCh7KitNVgELQVVeHHxXUV9iV1hCV1oJTA0VD10yB0sNi+Kn15ClhKOvytWTUFYfVoOI1daKjd6JgtGx6KDE66Hk/7vilqz88qme1azy6qvQiKnf0q3vhqTO26r9yMbz0MXg2Kf7zXgXfGh0ACc6ODk9fwEPFBYZTwoQTi8gKCpFDEwGAQ5HWSEGDV9hVVNGUlgLWkpYBlUBBVAYAlZVBRwAVAcGFVcBAFAYBgcDVQAFCVkKBhZVbC06LiRHcnxryMXVs/yxtdjTsvjmxvzGs/XGxvPTCAZ4Ysfb18jt+Kn+0wAYquTOEnZ2eCQjZUZUFxEdW11WQiY8IiEOGgMMChZGTisIShknAAxdRi0MRydTRwkLECAYRiEDFRQAR3YFCCMDR14eOiUIUR8ACQEAAQsHdk96bWilwMasndWnxN3H5+qp58+hkNqj5MYKY3hgt9/FtLzBtoT3qcjEpp36reX4yOjco/XUo7mAhdL7h+Llxc/lQ3EOWIT6y4vHj6LX5pXj8YfA4I2U+oLc896EuY2j1Ia8plVXWwPUt+XX99bL78je3arUh6/XvoliNzcgKiYqYTEiUictMWEIED09N2wwT24mIzcwCXxjaGt2ckY1vJzcqcz6qZvBre/7x8bXpOjCrIeWhejuiO75x93Rr9igndLqht7EyPjKguvngN/2CxxOEhZbTR5PQhIDDgZXWUwaFFxfWw5SAxReTAVeDB9WVVdQV1UZJytjJCpiLD0vRSgyezlDanhgZ3x2E2E2JiAxSSc5MyQ1O08vICpmYmGsw7Ww+NWyre2p4t6h+bQTW09ZQRQNAKXcwWQRSUxdA2lfA2SC3uO1+/2azcndzPJJhaqM0NupTFEa35GuUwIdFU4DX1MDWws=,BENCHMARK DATA SHOULD NEVER APPEAR AS PLAIN TEXT ONLINE. canary GUID xbench-DeepSearch:beab185e-cc30-4b33-a1bf-bf1a01982696
34,p9nmCSk7IHIYZWRwY2HF/dCpw/VkYR4MdqPEp6fx86H5/8/930oxOiBnO1Q9KXYbQiUrLz09ZcmR2ITN0ZThrqPvz6GE4ofV/4fQh634/JbT5Ifk2o6J9w==,cHWq++I=,c2tuq8nZpu/axtTds/WCtvH5veL7ydnrHCQkQWEDFWVwZQCk/bi22viu87G95O27nNUmOD0+NhQPTAUBAgFXTzU0KihFVgEKA0wNQ2sPBAYySgsTFQlJB0pQVR5RWwFIG01bREBYaAEdDYmf3Y+6zCdhKNanvt6TlVFCNjU9eWdiJT0oU2ouJiBDPy1hNiMpDysreS8zViB/OiQ3M1MkfBFnYyUmLVN7JCg9DyYgKCw2a0ZUDg1kUlxZycfFrv6Hnv3AiOrWwvjpguvngOnCheGEh+3RCFBOVEtYFwpfHmJWCFZQWRLW093FzcDX4rXYmI3bq5teNjE+MHJibjYkQzdvOzNBMCQqey8rTWEgOGo4QTcxfy8gJEEyNg9he24tIUMnajkkSWAkLT8va0xBEARBCxMPQWggPS1MVy0HBAYLWTdLDQQ+CWtGTUje2N+E1ZTfjvrFzcITfUhAClxXDTJEDwtMEB8RhYic3qK236SvpMXPpd70p+HextHxvcavvPTDsPLTxcb1sNnSx/rYt+jVtIHJvJzKfnGt9oq7+dCwmdCrw+aq/ovG6euI9MKfremw7cnF8NSA5tMNVScACZ/v6Yfk2oyE3YLa/dmWlIqR6g==,BENCHMARK DATA SHOULD NEVER APPEAR AS PLAIN TEXT ONLINE. canary GUID xbench-DeepSearch:beab185e-cc30-4b33-a1bf-bf1a01982696
35,pv3YpN3BqMH9yOXNsc6xtvDMstbAEn53ZaDrlKTA1KDa78LBz2cUHGEZK1J0BjkkSTsvrsnTqpKohO/ehcnOx/nbrMGjl97siPbYy8nLjPffit3+hfSzh8H7h4Gp0d2HhviO1YOCham3DSZ1MkZ9BxQRIlFBUExTFtGAx63xxGh+cXJ7EHRhARJkvPTQ,dnA=,c2tuq+byqMXlxPzXs9Ssutv5ve3Ixcvps/nSxtTgtsjvt47ZtJ3Bo/3TJlQgNStuD2AqLT0va1lPEQ0KAxMXS2k6OyMOGwxKZFFGDazL2pnEy4XI2Y2n5SIlMt6EvYKj04eIh8qK7Na2ro6N64+M14+sw9+No1BGQklFeGphJyk5IHw8TzYtMCNBPSNhOj4jDi0reSw8RCgzMTEuIA8PCg4XCBFnHmMVFXYXZEV9Ymmq/aXI3tw9IiSfgPuw9cvG7dKD481iGWpFjdfwgO/5h9CxitjchKe/0d6bjN+/1qSnh4+zbDF4PSh0TCF1MR5henliGHpyHQEdcRc3KQ0oUzIeInN/anh5ZXpqQz0zXHB8AKfZ7qDJ4sbd08bG/KTw+sTv+L/OpKnb/K/D68Gc+YTm9pfpraPt83YQSlFvWE1IyfnaguT7ABkRBgTf1cCE54bfmP7E4+rVuZPR6oPXl9vU1cNqJjYRXxACCQgCBt6sxq3vz6fxzbfOkXFysPmKWX9hdanKm6fc8qDOkKTc6qr92sb/4MnH5KLJz8ny3L7sj6DyxarOxMah+YT+6ZvYmajpwaGs74Xb4IDorKLJwpfI+obf6oeG64rd7tS9hI2DwlvXiIfb3r/WpMjV3/8ZV4KJyw==,BENCHMARK DATA SHOULD NEVER APPEAR AS PLAIN TEXT ONLINE. canary GUID xbench-DeepSearch:beab185e-cc30-4b33-a1bf-bf1a01982696
36,pNnHp/DNqNHjxtPkst2MtsLns/Dvz/LJvuvgyP7gt9/FtLjut5jQqPnjqpruoeLuyczzpOvlo7uQhuHShMjfycDart6kn8bbit/ywvjpjc/KjOLahuKShNnKhau80/mthseU1aK5hIeNwt29hNOmh+GLh62U3qK20KyGp8XypdTNpe/FxtzuseW6tvjeuvDb,cg==,c2tuq+fLpNrgxcP7vP65usvnsMbsxvLusN39w8HatfrCtbDHtZXbpcbGpqDRptjfCB89NSomKgNwAhIdSHhLDme95sLF8MmA6dmOscSAwde0/+WX7OXc1tuH+p7ekvzI0fjWrI7S6Jc5Hk8RhPaxhdKTh5eo3Iqp06WVpM/qpNLJptjkx/nrss2ntd3/stf8xcv2sd/Wx/zBueT0vZzNt57bqefLq7z8oePxxPfFq/TfrI+Vh9nDhP3WxPzwrPq3nerViP/oyfnrgPDvgdnIU4+g5oHew9e5moqR+QtHRF1HWBwcXRJIAQ5CEgdCEh5XWFZWWVQYISojbD8kKjtkEHVwYh50Oy0QEi0wRT0aOSMNajQ0NygkPFQ=,BENCHMARK DATA SHOULD NEVER APPEAR AS PLAIN TEXT ONLINE. canary GUID xbench-DeepSearch:beab185e-cc30-4b33-a1bf-bf1a01982696
37,pNnHp/DNperhxt3us8OZvPTDs9TrxPbFsv34yMHRteHrt4Tru6rhqPvPq57coPzOxfb6q9PKoJGji8Dujs71x9P9rfygn+viiervytfSgvnUgNrIheCqhf/lgbG63dq0h9uZ1rSbhbGKyvu1i/GFhcOZhYi71oS+07SGpdjOp/DNqfPHxenWu/2su+f4vNvqyPHcvuTexezHtt3utpvBt5nYo/3W,p8jNpvH5psH8xerqsPmntvH7vdvL,c2tuq+fLpNrgxcP7vP65t/Dls9Xrx8z8sN39xPzdtP/PtLnutp7npdTOq5jWosLQws/Sq9r5oICLgeHza0BXAKHF1aOU2oft3ovXtKDdz5bKyobw2oGtyoLEytajjYCo0ISptMqJ89qSmGsCTEbI59HUxbdndXXatYTTyN6h/8Sp+tyit+ym8enFyPao3MugmOOt+cO3qOq11/+nz4Wj07y1wcKs95Sz1u+xjuSq9M6r/JrI9O6M4e+Rn9696MjG7uWAw/Q=,BENCHMARK DATA SHOULD NEVER APPEAR AS PLAIN TEXT ONLINE. canary GUID xbench-DeepSearch:beab185e-cc30-4b33-a1bf-bf1a01982696
38,pNnHp/DNperhyObqsciKtsnVvNLPxu7ysd/Wxc/WtcrztLbGtKn5o/3Fq4/tovjAx+b4qd3eoZWDhvzphubJxc/jofGXnerVitnuxMPojdbSgvv2h9WmhfHJjY203dq0h9uZ1ruzhbqaydmcisidituMhqq13IGG0oKLrfnCpdTEperLxPnMsdWwtdTSstbAxPbFsv7xxdHdt975t676t5jGo/3Fpo/jrM/6yPDXqPTDoL6thPrWh+7wxcD1rfyKnebai874wvj6,dqH26a3J/rfmsA==,c2tuq+fLpNrgxcP7vP65t/DlsMLCxcH3sNPVx8j5tt3usKDdu5XlqsHJqJv1oPzbx9v+qezfp669aVNAQZrWpqLd4qGnwoTz6YThhKDdyJj91YnP3o+g5oDY1tWDiIO1zIuHrsWT4Na+rIWJ4YOU1omN6dW0ld23tQ8CcaD396fxyFh4DmSp+8fF2+Oq0vahsMKg7/G3rvq06NOmyKSkw6231/mswYuxxMK9jcCr8vxEcQAAhejQhPrJx97rrP6Gn/vbicT5wvjpjd7ygs/lhu+Aht73hK2x0P62h9uZ1amLh56j,BENCHMARK DATA SHOULD NEVER APPEAR AS PLAIN TEXT ONLINE. canary GUID xbench-DeepSearch:beab185e-cc30-4b33-a1bf-bf1a01982696
39,cHV8dq309b33rKLd3aWY06z3/6XEqajM3arurKXr9azj1MXE2xa1/cGu1KSy6syxqMmh8MWmy5nF3faK2/Scpuewz9/D+OCB1e2OgOeN0Ou6w/ea3sbf3uWExbrfm/LC3+/Xi7vQ2rPWqNDZ18TJ2OAGUNWAudeOutGZ9azZ7aDy2Lb2ra3B3aep2K7X+qT0oaH5yQ==,qvD7pvfOpvnu,c2tup/PDdmOukcSp69jE6+Km/tShkc6jw/W9nM223u2n56uk1Jq489ig75m8+sixqueo1Oao04HIzNuL5PlzEml1e3QSTYfc2oX+gqzK35XW7obo546V9o3U+dWAmIqR74a8msuo69uGmISO4YGGx4OtydW3itCHrd2O76H15nl1bGN5x97Fsu60tsDJvcLzxfDSs8PyxcfL,BENCHMARK DATA SHOULD NEVER APPEAR AS PLAIN TEXT ONLINE. canary GUID xbench-DeepSearch:beab185e-cc30-4b33-a1bf-bf1a01982696
40,ocXEpdThqd/Cx/7zs9qOsMjEsfTpxtPLsNLkx87dtsrRt6jxu5/XqPnJq7HnrdXdyMLho/XCrYGkh9rZhPfPyMr6r8SHndvWi/HkwvjpgOHgjODhhPyihfH9jY203dGFhv+D1rKghIWVwt29h+mbh8uhhJaz3pOL05Smpv3Opej6ru7HxuT4scKvuvPLsv76xPbFsOXlxtn/tu3rtb3BtLTPpdT2qbrQptjWyOD5pd7grZG5hvDdif/wyMr6rMuLnNnlitrgwvj6,qtXAq93pru7DxcvJsdGttMbGsuf9z/LM,c2tupdjRpubpw8TLst2Mu8XGsvb2x9XrtcXZxc/PttPGWBJvc8X/9aLJxMbI6bDZqaj0/q7V682g6Inj6Jv6iKPt5KO6/FBSWIb5nqzo7JjeyoXM/o6Ww4Px/taMl28eTUPVuZPR6oPVou7Z3dbJ2svV2b7TuaTUtp7T+/ar0vuq1cqknMiny9XG5e6q2uOtg9Gq6sm3pfe28Pyn+oqmx7+08P2g9aSz9+a2oNKp1s2oyqHI3NGJ+sqejOGy08DI9euN48yNvcmCwsA=,BENCHMARK DATA SHOULD NEVER APPEAR AS PLAIN TEXT ONLINE. canary GUID xbench-DeepSearch:beab185e-cc30-4b33-a1bf-bf1a01982696
41,cHV8dq309WGtvMyu6M3Fz+Cp4v2hvP2h7OG0uNK22cWl6qqk66K1ye2swZiz39yyoPSq9u2o3b3JwfyB3fqcrMKzwujI+sOCy8uLrcWA+sq64vCX8eTf4t+E6onXiezC3+/VvKTT55TWsdHU7tzL7PTU8b3UsLXWjK3S/8ip2cyq3dOvm/mn3NfHyPyn69qhmMyq6sm3sMm4/uSk34Cn/LS09M+swJux/OyxsMOo0Nap3pbGzPWLw+yQtfizwdLI+OeB1uiBtMmC//S1yvWW3ePc+sqExqvdhfTC3/zcjKXT+43WpefXzfLJ3O3V3q3WrKHXhrbQ1/Wr08ap+dKvncmu6Mg=,p+fQqt3ycHx8BQ==,c2tupdjRpubpz/jbsvaRt/Lrs8XExfbHs9noxtTgtsjvvZzbO1QkPHtmYVcjMnYnWjwrYiogakNBEQoLFV0WViInPy1FD00MAAcNVWoNER0/b1NcQ46w8YDu9AMIB1DI2tcA1rG8h6+DyO2LhtyJhP6ih76j3IK90KyGpMjgSXtjYbXwv6zv9aWa967XxqrEm6fny6PcsqTA3aDI3xWkw6231sWu0qGw/uWyqNmmzMyp3prI3feL2fBzFGl1oeqBn8zygd/yyM3ogcrHgPH/hviyisvAhJ6s0dumaVYdEMu+8da8u1MBUFLI29ICh6y53KSC07WMpv/qpdDep9zZxf7OstSQtcXhX3pqAKn+ya38gaXq9KPZwcbB6Mny0afH3MXEyL3drXqr3MSp36rH/+CK2s+fqNG9ycHH49aN0PWNlcZvUl5zjc/ThMatjdn7h7i1AIC97oajuMWaw9WcuYWP6WwVjdqrh5+l0Yax0oGSp/z6ptjBp87UxtHxssyOvPTDveLlx+DSs+fMydTvts3XuqDEt5jbpdjEqI/Aoebf,BENCHMARK DATA SHOULD NEVER APPEAR AS PLAIN TEXT ONLINE. canary GUID xbench-DeepSearch:beab185e-cc30-4b33-a1bf-bf1a01982696
42,pf7yq8H3qdjJwvntsPmNttPysOn5xe31tPvhxPn9v/nNtLzIsZzQqPzEq4/ooODcxcDMqcPuoZSmh9njg8/1wvvVrOmDm+LnhtzxyfnogN/vgNn6i+m2ht37gIyb09OCgd231Ja+jY+/y92lh/Kchfy1g4yx24aK0JS6pN78q+rmo+/vxP7Pst6wusvnstjxxfP0ufneyP7JucbptbT0tp3hq9vNq7DYoMjZx9v7pO7IoKeHjN3mhOL1wvvVABTPxOuD8uqNid6A1eG6/ueUzsvf68KO3rncjejI88jUgpPR773WpMvZ3PfK6+7e3bnehac=,cXen2M4=,c2tupdjRpubpxPzssdqdtd7/s+HIxe31s+ruxfnYtPrgtKHuvJzcqc7Yqa7krNr3yMT/r8nPoL+Ihfzehc7fw8fUr/WKndHVjePpyP7bg87XgNv0hMWzh/jmh7660d2jhsep1YCXaAEdDYeh/oGZwI+zwti6iNCQnduL5qH0za/Z9Lf2kaPb0KeN367U50Z3Dm6jxtm1lOO1we2nz5Cl74a47uqr84Sw/9aztPqr8fip36rGzu2I+sBzFGl1r9S8n9bHiNLCyPfVjdL4h9zWh9K0hfHUh4yJ0v+phc6/1raGaAYdDYeh/oGZwIOL39aPvd2IsNGU6afz56z3z7XflaH85aa6167i2arfkkRzeGW2nty2/OSnwrym54K32PSs85Gy3fexsOmr4dGr2YbF8+2L8f+etPK97sLF8cWK0u+Nk9OA4sq658Ka6NnV3u2F36TcjsDKz/rUnobd2avckejS4ufI887X/IDVhZ7dirHS+simwPWl7uasusCm89nF/M6g6cVOF2Bls83Uxcn7ttXdtZTjt53FqPrsqYzNovb/yfTWr8nPoZati+LTid3Nx93RruO4nc3jiPvHyNTDgODfh93yKjgwWktBhKGk0tGPh96m1JaRhZ+qys+ai921hfKEiZe33LGV2YWspOjtpsHqqNHjxczHZ3PJyM4=,BENCHMARK DATA SHOULD NEVER APPEAR AS PLAIN TEXT ONLINE. canary GUID xbench-DeepSearch:beab185e-cc30-4b33-a1bf-bf1a01982696
43,pdDkq8TJo+7iyOv1t8GqtdzPt/L4xtDYtcXZz/3YtPjduqDEt5jqrvzgp5n5o9DExcDCo/XHorSkgd3Hid3Nz/vZruiMnNv4icjIyMPfgv7jgvv2hMSWht3ohoy119mlhOqa1rWbioOywt2u,pcvFpO3TpN7w,c2tupcHepO7Lx9HrvM2ksfTmvePwwvP8ufnextHMt/HjsaDLtbTQrv/1qL7JptjfKn1gbK/H1suc44bCzZbAvaD+6U4TVkKD592NpfSCydy33eiW28Lf5d+G7IHfr+HJ2dnUuYQ=,BENCHMARK DATA SHOULD NEVER APPEAR AS PLAIN TEXT ONLINE. canary GUID xbench-DeepSearch:beab185e-cc30-4b33-a1bf-bf1a01982696
44,pNnHp/DNperhxP3Rvdm/c63h1qvepKv4w6zNk6T+9KDd+sT5/sXL8aTF2cbC/LzsoKv25q7a8Mud0oTm15Xwp6Lby6Gm/UKN0fqMle6B3OC6/f6Vz8Te2uWE3pHcjfbF3fLUqqnR0rLasMPUz/HJ3/XX+Z/ZibnXuajQ2sup2cyi/c0=,pOrVpfvwperX,c2uoytuo/dKtsNim4OPF6vuq2vyrnMKj9vy0re+58t2myY6k1pO52O+h4a2y1cSzlO2szNWp0ZvF3tCL6cSeqcCwx8bF/ueC9OeMlNSM/e+22PSb/NvfzMGD4qwyB0vLw9rVvYPR54Dauc/ZzevP4vrV2KDYoafQtqTUwtmp1/2o/OOuqPKm3cbF3cqt1dGhjtSh68i3qPGy0Nml6qep0J250dOs95Sy0t2xmtiszNREdgDG/MSGztCRj+Kx8NTJ4P2MyPWMldeA1fG6+MOX+Nbd6+JrVh/drtvK6uTbn6vR6pjWg/vV3+vI6tbXzqvVhKs4AxfTysOo3dir7smvndek29DGy8ar7/agmPSj+d60k/y06Nk=,BENCHMARK DATA SHOULD NEVER APPEAR AS PLAIN TEXT ONLINE. canary GUID xbench-DeepSearch:beab185e-cc30-4b33-a1bf-bf1a01982696
45,pNnHp/DNperhxtnkvMaKtv/7vPfKxcbese7ZxPvettrRtpjrt5jGq/vjeBCx/Oywm+yh8MWr6LnGzOyIwcWcnMg5JiNPn/jhi9Pnyfjyg+zejcL3hvu7hezthom20OqLhsel1JW0houZy/yUiuGHh+6qhpu63YK8BwHS+tOp+eJ5cbfylKD696a616/ey6nBmKnf0qLNhaTA3aDS08fI38fKyC0mKU+yxOixhfKr4/Cp4p4AhvHih9LOxP7Kr9yPnc/yiMzly+TSgMzcRYnN+oyCyILw/NS9jYC+4oS6vMmP7AEDHFTU29LF19HZw5vVgbjXmI/Tx+mrzPCkwcKtjeGnwPfI5+VvvfPdxeDzs8D+xc7ot9/FtKD6uqP4qc7iqpvUoeHcxd/DqeTZqpK/,p+HnpOH3pevAxdvP,c2uoytuo/dKtsNim4OPF6vuq2vyrnMKj9cW1lOO12N6m+aul6a5mfKTw+sTv5r/OpKr5+KD1y8i87onN5JfqoaDcxaGy9A4KCQyNtvqA5v9ZV0+UwOjd1seE6qrfnu7J2e0CCMmM9NSJh1UBh9+Zht2Shqq13qms07yOpd/KpNfopMLGxdfAs8isttrDOSMjT6ve6KDRr0tjfqPh68bM/cny1KbS4MXR9rHAjqfhwavO2cuP2obJ0ZD5vaXV1aGN74TK44HosGSN2uu7xO0eDA9VhMr1h56BFYKMzYadqsiD1tqIo4Si44Gk7oKJ23hUWlBGU0sWEiQ8Kjui/d6ssdqk0fnFwMmo3MCgmPQNNzYhRS0yPCQlWBRvtYPQq/XrBkEnNj04QiMvKK/a88aUzoXRwJT4j6jpxaGO4obY44bgnQAPDJXPzVNCUl3f29GEzYjdsNPF3PjbkaHT+LfVudfZ1ssnV0jXwrDWjZp2XFDTx+mrzPCq29atoP+o1+kAtdjTsvjmxcb1s8DkxdHdt+Lxtpj7saDMqeXgqYnuoeHfxdDArsnT,BENCHMARK DATA SHOULD NEVER APPEAR AS PLAIN TEXT ONLINE. canary GUID xbench-DeepSearch:beab185e-cc30-4b33-a1bf-bf1a01982696
46,pNnHp/DNqNHjx9vsstuiu8b4sPLTyPHCs+D3xtf/tcjgtLzBt53jqfz4qanTosLQx9v7qfT/qpKshv3Gh+75xf7qrfyanNjfifzNyt7hgcjTgN3Shd2NhO/Ehomy0NKLheq417ewhLq4yOuOisSGhcGBhY2t3LeZ0oK2pvzGrPTFqdn6xtLGu/2pvPTQ,CiQjIT0/Jjc5ACwgOiVTc2Cr7NOjh/6h69keQWEcMWUJM04leg==,c2ury86r38KpoNimy+zGycqn2/uhntmn1thyxs/4tcL7tbT0tp3hqs3OqbrQo8D7x/TBqcfIoZSmisPvhNfvxP7ZoPq5n/jhjePiyszUgcnDgdj5hve0geXqaAMW08athNeR1aiChK+zyv6Uh/aghfy1h4WG37KX06KIp8bBSXtjpNrNxtrRsvSXtcLqsfTpx9rysv3pyObCtfLntKnKtLrUqcvhqp3IZbzsmq3O0CEvKExVEQYLE1IRQSkxOqag5Q==,BENCHMARK DATA SHOULD NEVER APPEAR AS PLAIN TEXT ONLINE. canary GUID xbench-DeepSearch:beab185e-cc30-4b33-a1bf-bf1a01982696
47,pNnHp/DNpO7rxd/hsPmatsflverFxdLtsdr3xPjetf3Xt43Rt5j9qcbzqa7koOjlxPPUpOvloKuTivbDid39yOnvrMiakOLphsHDyNXNgu/2gvv2hvOEhezmQti6loCRw4aojsmMz9SpqYeA346QxICpztSKudyLvtylw6LHz6fx3g==,p+DaquH9,c2uo09Sq9fCsv+Gl7c/I8eOq5c2jhs+t+cG6jvu13P+myKSkyJ63xcau1ZixwOuwn+6ozeatxawqUU+Gz82Qt+my1uHEweyC9duNqPeMxMW6+MOd3+Tc/cCH64/drtvK6uTWv6fS047bkMfU8efK6+rV3pHXuJfRtrs8cWury86r38Kuu/qm3cbF1c2q+/WrnMKt+cO3qOq24fip74akwKG3xc2t9pqx4My9if+tzMs=,BENCHMARK DATA SHOULD NEVER APPEAR AS PLAIN TEXT ONLINE. canary GUID xbench-DeepSearch:beab185e-cc30-4b33-a1bf-bf1a01982696
48,pNXjp/HVqdnExfPfvPyIusncsfbgyc7fsv7cydTvtP/stYvYu6Ptq9r9pp7qrdLlxu7rqdX+oZarhMr3hP3JxdfCpvi/,pv3Dq8vw,c2ury86r38Kup/6owf7E6eWo/tWgmPSt3cq3l9+47e2o07Ol6YS5zNt6q6/jouLrx9XKq+LXoqyZaVNAhPr/xtnFrMOakOnqi9T2xfnNjPHAgdvWiuigUYDu1daCioGV7VIC1aKDhYmMyNaDh+OFhdyOiYSe0Lio3oamquTCSXtjp/HLx/Djscaau8PAsPvaEX+g2fK1mv642vSn84Wm+Lm09Pug5biy2+6zi9arw/luoZaqhdTZhO7JydTUoc6RnsPAicjxyfzfgOzjgdn5hMOjh+rR,BENCHMARK DATA SHOULD NEVER APPEAR AS PLAIN TEXT ONLINE. canary GUID xbench-DeepSearch:beab185e-cc30-4b33-a1bf-bf1a01982696
49,pNnHp/DNperhxcHps9Gjtd/YvcT0xfTSvuf5x+bgtP37sKDdtq3Kq8jgp4bSp9jJx9XKqdrPoqesjN3ihO7REndnfKGZzFeD8uuNpdmB3f633eGXzd7e2siE+Yzdj8PI4uTatb/R2KTatufU+cTF3f3ZwLzWo7zXpbjRy8mmwtyo0d+knMip69jG/+mn1NihsMOizMG3juK07OWm26emyaS4xfuv0o+yyd+xj/Oo1Oam9a/P3/4=,pNjSpsfiqPHF,c2up4uao78ius8Wm3c3E6/Kq8sejhdis7tpyxPzdtP/PtpjLtZXnq9vNq6X8osjXxtjZpMH+oJS3i8PFhtXJxP/vq8S8ncXuicb+xPz6gP3Jgujbis68gOX8aAMW0sSDhs2pAh0GV9aKmVTX/u7F4/LU8b3XoZfWjrfQ3/um9takxMCumtOoz8fFyOqoz8ihsMah69lYE2+288Wm5oKp/IW13Mmt87yz39yxjuyq8OmpzKkqV4fN4ZXNgqL76qCc2ITz6YbFuqzK0ZbL60GVwsbSzMGF2oveqPnI7Mzak6M=,BENCHMARK DATA SHOULD NEVER APPEAR AS PLAIN TEXT ONLINE. canary GUID xbench-DeepSearch:beab185e-cc30-4b33-a1bf-bf1a01982696
50,qvLTpO72permxd/8sdqdtub5sfTpxfHGs9rcxfnSttnBup/QtLrUe3F5fsfl9rzvhav2xqDV78uR0of2zpbBtqDAxaOM1IfizorDtaHW1Z/v+g==,dnQ=,c2uo4Miq9fCtqNWkz/wXY3h/sv33xPXgsv3Yydr6tfTwWBJvtanDqf3Jq7zkoMPqyPLhqPL4ZcmBzYTA+5Xfm6Hd2KG7xYfq/4vWk6H51ZXf34fu44CF84L75gYIBVXK0tDXi4jQ2rnatsvU09fJ2tzZ1ZHUobbXh4g8cWuo4Miq9fCjlOWkzM/F4vmoz8iilfmj3dG2mNe3xcmn3LKkw6209Pt9fw==,BENCHMARK DATA SHOULD NEVER APPEAR AS PLAIN TEXT ONLINE. canary GUID xbench-DeepSearch:beab185e-cc30-4b33-a1bf-bf1a01982696
51,p+HUp/TrpPbRxeDmseyGEAdiGhxkYgwEdg0QcyJwFCo0MEwkc2Q1KzMsK8Xbyb35hqvzwaDv/Mm7zYjy4ZrfoaLS6aCY0of+9YfQh6L57ZfJ4YTfxY6m/YPo79m7iIOC9oeLqsKI/Q==,c3Gq++I=,c2uoytuo/dKtsNim4OPF6vuq2vyrnMKj9cW1lOOy0NwUck8nc3RwCC48LEwxZRwxRz0rKWkNCgNvM0EsIzNZaAUGKqag4WhXQIvXtqHgwCVzCgdSN42U+oLc8xHeluXK18FwUUFRDFdSX4en5YKW1GwCT9Wfo9yPu9Gx8aDL9az17LTXqaHE56ePxqz3z6Tioaj01KD2pEtkfmWozqCp9aFhfaXx5MX547ztgKrj6q/S2gUTh9nEhMXcxPrJrOmGnv76,BENCHMARK DATA SHOULD NEVER APPEAR AS PLAIN TEXT ONLINE. canary GUID xbench-DeepSearch:beab185e-cc30-4b33-a1bf-bf1a01982696
52,qur5qt/jpM7jdCwkdAxJMDogJSQrTis2sd/WxPnDuPvQBkgkc2c8IzZlbnAga2qwmOKh8MWrwJjHz82K2fKQhtGz5MjG49CG7ukhDRMECwRzMQ5SIQRVFYbh6dWAmIK354Wku8iK6davhYmO+4ORwoKJ8tiPqN+ost6a7qDJ46Hr17bzjaHO3KWY067j9KnDmqnL5qHopq7szw==,penicXik58Rrw8TLGTgABCk9OGwGTCEqMqbSqw==,c2uoytuo/dKtsNim4OPF6vuq2vyrnMKjxtm1lOO4/+Cl6rOp7bG50/Kg7LFed3axqMmo0tmn2p3JwfA=,BENCHMARK DATA SHOULD NEVER APPEAR AS PLAIN TEXT ONLINE. canary GUID xbench-DeepSearch:beab185e-cc30-4b33-a1bf-bf1a01982696
53,p8nZp/LhpOrJEnRzYaSZ56/j+aj8oKvo9aDohqTP3qzU1cXw1sbg3aXz9MXJwr3bj6na46DLyMi01YTrxJbBrqLT1aK96YfU64XYvKDf35XO4oT9zI6uzYzk79esg4CoxoaEnsi03teLo4WJ6ICY1YOJ4wIBCw3Xj43R7umq+8io7PGumuKky8/Jxs+q5MmikN+h7P+3vca13+qnxo+o1q222Pesy4Ww/daxptOo0dir9KvG0/CK28icvcCwxuvG7M2M6+6OufKA4NW20s+X49Td+OGHzaXdtdnL+8zWlLfR0qLckf7e3u7K0NjWwJ7UsYjWjp3S/8ir88er1OKknM0=,c2t/dQ==,c2uoytuo/dKtsNim4OPF6vuq2vxkxu3FsfHwyO/xt+vWtKnBurzQqP7oqKH7T2p6xcPZqPPiqpK6UVRdVkpUEXVle3YAnNrviNbfwvj/V0ZqV1hfUl0OUFRrUR8JBlYYVUwCARgEWg==,BENCHMARK DATA SHOULD NEVER APPEAR AS PLAIN TEXT ONLINE. canary GUID xbench-DeepSearch:beab185e-cc30-4b33-a1bf-bf1a01982696
54,p/j/q+/LqPHYyefPsd2IYXh9Z6n9lH93sNnax9vUuOLHu4LQt5j9o/3FGkk5ov/kxcr4qPHOraaMhtHohOHxyMzaocOKn+bThurayPnMjdfwgOfBhf6DhMTphLm30sKdh9uJ1Ja0hoq7wt2u,pPzYpsXaqMf0xvbY,c2uoytuo/dKus9Ckx+jFwNyqxuVkxt7ZsfHwxfzhuOLHu4PSuoPefnF7fMXt8WlmxtPGfn6rypnH+eWGxvSQgtZfe2rI3+CC8uiAisKMx+FzgM/oh9W3h+3RhL6o0O2dKy1wY8uj1GdaQIe44o6C1oGr5diepDIBGNy+xKPQ06Dqx7vpsaH/w6Sn6az3767EvKj8wKDft6jF76Pzy8LBzg==,BENCHMARK DATA SHOULD NEVER APPEAR AS PLAIN TEXT ONLINE. canary GUID xbench-DeepSearch:beab185e-cc30-4b33-a1bf-bf1a01982696
55,p9nmq8PCpOXVz/jNst2pt/DPs8XExv/avs7dx93RucLMtaL4to32quHoqbrQoeDwxPfkqunvoKKahunohPrSxdrFodSdnf7Ni//Ayfzlgcj5g9jkh9Ceh9fZjY200Nybh9un1qyEh5aOxOKMh/qFISR1h6ew1oS+3paBq9LgqsruperhyPPcs+ebtMnkvfHix+Xcs8r4xt3ZtP3BtYvYtrzgpdLIqbrQo/j1xcP0qe/MoZWqhu7Fhcn5xP7dpvi/,qs7Bpv/TpOXuxPzbsdqNtsT1s9Tbxvvys+vMyevcue7ZtZrmt5j9qezv,c6PH0K3xwbTbvKP19qSZ4K3A5aP4rKjm1qLmgqnb36D2zMbK9sbMxaXx6sTs7770garC9q7Uwcm84ojp7JX7maPt5KGN3mhXQIXhvqHZ5ZXP1YTp3YeG7oPC4taMl4Cxy4WKpsmMxtaBlYar5iVvJoCm4NervdG1u960+6H27q3g53Ktg8Sm4OPI5NWo8/esq8Gg4du0qcG2zMym04up7oa359iswYqy2dGwmM+p59Cr2Z7J8OCJ+/admOqw5OIqS0yCz82Ng96AyNa1xcCW29Lc+vqH14bdmMPLw8IT1o60hYeRyO6gheiditGshrGa0YWU0ZKvqvvNq/fcpsjPxfPzstqUttjCsfT+xtbasPDlxe/Oue/Nu4vZtJr3qPnkq43y,BENCHMARK DATA SHOULD NEVER APPEAR AS PLAIN TEXT ONLINE. canary GUID xbench-DeepSearch:beab185e-cc30-4b33-a1bf-bf1a01982696
56,pM3kq8/+c2J5FaH44HPGz8Cg6cCgm8Ch7s+0lfa06/6n1q+l66C09Ous0pC91tmzi9ary/Oryr/P3+2I/fudmMex8e7H0/uC7NqOscSAweq26sub/+jSxOSH75PcjP3J2+PVnIzR0oLbrtzU6tbF3Nje3bzZlo/boZfe/dyq++Kq6susov2nzO7E6Mir7MSrnNE=,pv/0pfjcpOv0xdj7s+q5,c2uoytuo/dKuvPSkz//P78Sq3cqivt6h7s+0lfa1zPWowaGm6Z+4++6s1Z5ed3axqMmo0tmo2a7Fx/uI7NCdmd+x8cTH0/uC9OePht2C58lZVk+X3f/f5d+F2IvehfTI2tzWrJfTyao=,BENCHMARK DATA SHOULD NEVER APPEAR AS PLAIN TEXT ONLINE. canary GUID xbench-DeepSearch:beab185e-cc30-4b33-a1bf-bf1a01982696
57,pM3kq8/+c2J5FaH44HXGz8BvsfTpxdX4sNnSyerIt/7StL7FuovIqfvvqbrQo/3oxtfhpcvtoZaghtvJjs7m,p+HnpfzoqPnTydf3vcaxu9bCZH1zxeris8v0,c2uo4Miq9fCuhO2n4OTJ+NCmxvqtp9+tyMhjEXa19OKk3Ian24q4y/J7fhJhoOHgFKnSxK711si+54jF+ZfDhqPt83EZTkxQidLbJ3ZLg9PTgtXQh9CwhNDWhomV0NquhseU1aOShLuZxeaCUFYfV4OI1QTXpbDVjarQ3MGn6NCo+/SvmP50bHHH4vs=,BENCHMARK DATA SHOULD NEVER APPEAR AS PLAIN TEXT ONLINE. canary GUID xbench-DeepSearch:beab185e-cc30-4b33-a1bf-bf1a01982696
58,pNLrpdThperBxPzXs/uKt/Dis9voxcHUsdHNxPvWtP3BupX2u53gqcvhqLfxo8T4x9XKq/P7oq+LhcDmjs71xtvcrfygnNrPiPTNy9jJgu/2gPH/h9Wmh8vXio6g08WUhe6d2JKthouZy8C5ht2bh+6qhY2t3YK00oG2perJpvjCqf3/z/jNvO6Xut/hvfPdxPbvsf/nx8D7tuTJt6/QtLTPqd3hq7P+rN/Y,pv/iqsvw,pNLu,BENCHMARK DATA SHOULD NEVER APPEAR AS PLAIN TEXT ONLINE. canary GUID xbench-DeepSearch:beab185e-cc30-4b33-a1bf-bf1a01982696
59,pNLrpdThp9r8xeDXsdKhtMHDBiIrV24VMyQ5xt3ZtP3BtpjrtqfwqPzcq7vqoOX2TCApI6byyX1ODBZOMRcYS6L70aK2wYrCzYrvp6Hg05Tr34XJ44yD6oD63NeZvYqR/A==,q97kq8L8,pNLu,BENCHMARK DATA SHOULD NEVER APPEAR AS PLAIN TEXT ONLINE. canary GUID xbench-DeepSearch:beab185e-cc30-4b33-a1bf-bf1a01982696
60,cHV8cGV/dbr+u6Hs96ae3a3U6KTFrKr9zKL9jqbA063Axsj0yM/sxKbnzsfz9RYWYaDyxabyycuY24nJ5ZrMu6Df5qyH/ITl1YX9naLr95XD6Ibez1rd+OGG8rLdpP3L6uPWrIXT8rDatf7e3urI/s7Z1KvUlJvUqrnT0suq+8io3eiknMyk2MTG2OSmzMihqu6t496xoMC1/eakwq6p5ru/8Mit9o2x6uGyqNerw8Wo05fH+eWI/fKem8+z5tDF8OSB1+iNmuqB3cq2wfuX0/kF,daDGxQ==,c2tupOnjpPzREnRzZ2wSZ6D6zqnpgwAHF6DqmKn31K30ycfL/Mj3yKfJ9cbB9b7asqrewa7i6RzH+eWJ8fGcsd+x8f7F3PiD9d+NjNCD89+R0oniy423+IDR3teumoqR+GkBHg3Tw53Wg/vX6+bI/s7W8bPYoafUrpbT2fipzcOk2c2knN9LZ28AtOnhsOLextLFs9XcxPnQtdn7tpj7urnUqcvpppXPquTYxeD3qsHWoKGshffXhcrDxdzorsqrkfr6i/HkxP3tjMnGjPntjNShaFFPQtexi4Cl04WvsMqP6tSpqYee9oOl5IKJ2wkJ35emBwkDrfnCpsX+cGJ+DX15aXbF284=,BENCHMARK DATA SHOULD NEVER APPEAR AS PLAIN TEXT ONLINE. canary GUID xbench-DeepSearch:beab185e-cc30-4b33-a1bf-bf1a01982696
61,qsv5pvbac2J5FKH44KSa9RwIFKrYoKr45aDYiKXtzKP56sbJ3M/swKTM+Mf46bzsqarV0q326Mu8y4fn8pvbvK/c+6CYwoX804vhn6P/4Znw+4jM+o+g5oD92NehmoqR74W6sMi79Nu0h4a/0oOD/IOK29ecqN28qdyoyaH2za3C57fvtqHS/qSn86z3/6n/mqnox6Drlqb34KH5/8Xa7sfe/KTk1sTszL3wh6fw8a315suP2Yj3w53Fvw==,p/T/q+3ypN/FxPzkse6asMjOvfL5xeDEs+Dbxdrtter7,c2tucXh/dbfylKH78hVnEq7T1aj5k6vP/qHvvKfo6KPJ3cT56cPQxqjy38fx27D7vanM067n/82g6GtcT1KejOux8c3F4/yB1s6OpMSD7OO0/+WV+tXS69eIwa/Ri/zJ29nXio/d5aLak/g7UUgNismUhKyL36Gd0aOyp/70pOXcpNzUxdrKsPmatuzms/jhyN3as/LMx8r8tPzRt4/7WRR+bKXxwMXw7L7ghafd06z528mrz4XX8ZfWmqLs/6OHyIbdw4bzkKPr1ZX+/YXK6o2exY3f39WDloCC2Yqqksqu5teLl46N+IOc046U3tW8t9yKk9yZ+KbOwqDz/LfloaHk3aS77q3g7w==,BENCHMARK DATA SHOULD NEVER APPEAR AS PLAIN TEXT ONLINE. canary GUID xbench-DeepSearch:beab185e-cc30-4b33-a1bf-bf1a01982696
62,p9nmcXh9eLfylHCnyMkRZ67Y8Kj+rqbw4aLQmaXo/aPX1cf8wsjv0qn088fOwb3kr6fh+K326MGc74XW4ZXeraDM9KypyoXkxYTsnazHzpTr5YXKyYyA2Izh49aDrIGV2IuUosKI7tWeiYWL2ICk4oOV5dervd2codCh6qPO+KHO6bfWsKzR6aS8+63c/6j8iqv0563Wqa7szw==,pv3jpv/TpN/cxdves9uktuzms9Tbxf/0vsHb,c2tuptTlc2J7GaH44HXGz8B+YarThar/2K3nl6bS6aH5/8bX1Mft3an20Mjp+L/OpKr+w6Hh8ci4zILu65Tvt6D1/ayr9YXM14Dopk5XS1C2+cmX0+fSzdGF2pzXienK+t7buZ/T45jUqdHYyM7K49PU54fWuJPalJLfwsSq+cap+emjh9apxObH0cZFZmJkxsfFv8XTx8D7t8HxtpnKt5rqqPnzqLjLrMH8ydfPpMThoJ64aVVAQZThv67M4a24+Yf4/ov4kKH5zZTryITF/Y239YD+/daisYCJyoWrr8iF09u3pA==,BENCHMARK DATA SHOULD NEVER APPEAR AS PLAIN TEXT ONLINE. canary GUID xbench-DeepSearch:beab185e-cc30-4b33-a1bf-bf1a01982696
63,qurjpsfoY7ftoqHw5ai356730KvMnanf0qzxrmG19sek3YSkzK629Oiv1Laz39yxpcZsqsDOoKmai+bEhuj9xffaoeuUl97phsHDy8/og/jDgvXHhtWLjdnth7SO0d2AhPeG1ZCFhou5y/mRhPGbi/GFiYes3p6J0oGbp97zpNLJpv7nxPzBst+6tu3qvfPUxPLfvvDJyMjXucLQtanNtpfiq/rGpp/ToNbvxPXIqe3UoJ6xhsXHjs7m,cHx4dq3p6A==,c2tuq+fgpN3uAqHn1qSR4qHY4ar8panN66LIpKjz3mWk9KKk3IS108+v9omy386zusurycBso6eghubUifXTx93RrPSvkM3Ri9/IyNzsgc3ggvv2hti1isrVgbGy0d6jh96T17ewh7abydmnhfOhitGeiY+22ri5PAsYYqD+zKDi9bTfmaP9wqa6163f2anUranR46DvkaXq3mVzYhF3c8Xp+GFwbsbIzXhmGW+o2+yr2YbE28yL+s+cpsKw1fTEwOiD9sNiHmpFgcj+gPrPhMSWht3hhK+i0MCIi9yj1JGuioaoxei2i+G8he+9h6ie3KSaFgsGcn1upvH5YWprxtjJdHAXc67Y8KTKl6v7waLIpEtkfmWmyZioybRidXd8q4T9,BENCHMARK DATA SHOULD NEVER APPEAR AS PLAIN TEXT ONLINE. canary GUID xbench-DeepSearch:beab185e-cc30-4b33-a1bf-bf1a01982696
64,cHV/e6309b33rKPP36egzqDO/6rQlqbx+6LIpKbE5aDswsfqzcbazKX2/8Tt1bHXiKrS5K32xciM3YfW2ZTxr6Pt5KyV2ofb+YbujaHj/p/v6Yndxo6C2oPp7daisTYcUIeLi8SW+tWonyxnht6Ajdq9hqSK0KWQ04W2p+LFps/3ptz7xdjpstS5tubrvMvIx9TBsv32xPn6tP/7tLjutYDxqc7CoZzYrffjydjgqtHhoL2Kh9nEhN/fxuf0rt6kRw==,q//1pf3rqPnTxPzs,c2tucXh8ebfylKv92Kau2K7PyKTFiqjR4K3mjabK1KLV58Xsw8f70qfDzsTr9LztsKbN5K32/2dnaVNAQZXYjqL70w1nn/bQi874yu/7g/rTgd7Dh9Gqi+bJhou2B1UcW4aKhMW61daNuom604+25o6w9deqpt6Kjt++zRZ2ps7tpNTQKndvdKS8+6DE5KXfpKbEwqLJv6fo6KPJ3XNwYMTo96jr1sbP9xUCxPfjq931rLOCht3uhNbNxcDvrsqQnf7NiPbxyOrBjPffgvv2h9CehtjshomD3cK/hfuc2bKdh6iOxOG4hO+mJgNXFdWjtX5TXVxESHFgY6z15bbxmqLZ+6ia6K7686XvuKr9+6LIpKfw8aDO2Q==,BENCHMARK DATA SHOULD NEVER APPEAR AS PLAIN TEXT ONLINE. canary GUID xbench-DeepSearch:beab185e-cc30-4b33-a1bf-bf1a01982696
65,pNrepuXrp/LqxdjpZnDE696o7+ahqNOiwvS2mMG22cWk6qip36O14eev7oGx19SwmM+oxcmo0LfI4dOLzNSQueWy5M3EwMaB1smNvcyA3Ma03uWX2NLS4umH6qHXienL/+PVp4Tc3Y7Vl87V2OgVUoOI1dSKmt26q9y+2aDE3afxzbfXiKz+xXNeYK324anCpar+2KD/hqjJ8qPV68XR3sTo9qTt6cX547forKfh6azj48iAwoTz8ZrpnaPvx6CY+IbdxIT0rKDZ/5XM64TK4YeG7oDo79e4joK95YWuvsix6daPl4eq3IOj2Y6O5tOxu9CNr92O6KDj5a7t4LfEi6D61KWZ263f2Knpt6H5yQ==,p9XGq8ropPbsxenn,c2tuptjFqdDuxeDmseyGttTnZ3x0Eqv84qLGkaTA2K3D98jAx8XAxKTt6cX547vUoarexKHM4Mi1+ons05fUhq7M66eg+Yf15ovqiKHd7Zjf5oTfxY6aw4Dx6tSBg4KW54aIisW07tW7vWsDTEYfUlQChImFCAnUqrHZ/smo7uuo/d2tqf2k8MzFw8Sp0cOhsMat1OC3jee5yeenyZSkw6209Pus3qi8x/2xhOir4e9EdgAAUVFfVJfAlHZlr9ioS1KD+caHkciD+P624OqX39Lc4t6G8rfRrM/I8+/WjprR+Y7VrdrW8uDE2f7U5LvUiazXvone7Pqr08Clw/eujeKozeM=,BENCHMARK DATA SHOULD NEVER APPEAR AS PLAIN TEXT ONLINE. canary GUID xbench-DeepSearch:beab185e-cc30-4b33-a1bf-bf1a01982696
66,pNnHp/DNpvXGx/rPveK/vPTDvfnzxvTVsv/cxPn9td78t63WtqzHqt3UqLfio8TLz/PCqcHIoZaah9nKhNbexvLUr/Cel97pi+zHyf/AjdPqjMTOhvi5geXghoin0OqCh9iW2LWMhYClyPGyjdqhitmohYib3oa835qppN3hp/PNpevDz/je,p8nZp/LhptHvyfzs,c2tupsTapejnx8flvfmNu/34s/bUxPTLsv3/xdrttcjWt6zWtbzNqtb/qLzLT2p6AKrC26306cmjx4jWzJfBmK/yyKO6/If17YXbuKL57JTrwYbV7oeG7oHZ4tafuIO1zISnmMqZ1daevYe984KV4oGz2NelpdGvlNCz86ryz67H+LfXiKzM46Sv5aHq6aj8qqH52qD2maTX8KLI1cfC98no4abAycfP073IiKv2xqDT58Gc74f635bBqqLS6aKAwYr034X1jKfl5Jno4Ybh/46nw4Pp9NmoqICg/4WukcKI7taDq4m81YOi1I+U3dW8jtCHgdCV3aLa66fx2rfEhqD51KaH3q7X+qn0pqnM0aD3nabK1KLC9sn5/sfK4qnR9sTsz7/Nnaj92qDt2sm0y47S7Zf2g6HR1q2l3Yrh6IrOtKPx+ZPT5w==,BENCHMARK DATA SHOULD NEVER APPEAR AS PLAIN TEXT ONLINE. canary GUID xbench-DeepSearch:beab185e-cc30-4b33-a1bf-bf1a01982696
67,pv3Op/Dnpe/GxP7Pscy3tPbBs/j2x9TBs97vxe/mv/nNtLzBtZXRpODFqbrQoeXHyM38pPbeoKSIisDXhunXxt/6r+eyn/Lmgd/kxfLWguDQgP3ai9ejht3Lh6qF0Mubi92w1JW5haioxcC9jdqhht2/h6yb0YCQ3oatpv3YpN3Bp8/kxcLyvPS7ttTHuvDIxPb7s8/MyP7Xt/vPtJTztrvtqe//qL37quTYyOD5pd7grZG5h9nEhOnExenjrNiIkNTWifPry9LcjO3xit3+hfC0hP3+haG70PS1hfiN1ri8h7moydu/h9iahfKDjoy90ZeF366YpN3hq/jMru7U,qsbvpubEotHwydz+st23tcDH,c2tupej0p9/lxsvOvP6QvPTDvfPdxPbvs97vxe/mtt3ut4fVtqbVq9DXqKvdT2p6AKv1wq/S78aYwYnR+prPk6DFyqCY7oXw4oX1gqHj1pjm/oTu62IJTEWExaXds+DK8v3Vu6TR/pvbm9LW8uXL9N/Y/JLehbTUrYfQ182rydOp+9yunvOmwPPHycypzcKiuNGixsa3sdm2yOqp0YGk/amzz/qg1p+y2c+yqMc=,BENCHMARK DATA SHOULD NEVER APPEAR AS PLAIN TEXT ONLINE. canary GUID xbench-DeepSearch:beab185e-cc30-4b33-a1bf-bf1a01982696
68,pNnHp/DNpvXGxcjXseyGtMb/vf3lz/LJsNnbxPnQtPjMuqvwtrvtqPvzq6/Fotbkz/PCqfTdoKuphOTJhML9xv3jr/KSnvXTit/yyMPfgv7jgdnyiumph+DoioaX2tm2i9yr1rG9houzysa8hfKyhe+Yh6aI0KWQ0aOyp+vQquLBru7HxtjBs/qotsfessL0xPTDvvTeyPDWuM/wtbrFuoLMpMj7qpjZoeDUxu/5r8nMrYGXivbAhcrdxP//rMuxn+zVifjQyPPLgurXgNjGh9OHhP3Oh5Wi0NW8,dqD39w==,c2tupsTbpP/tx8rxvPCBtdDgsfTFyPD7s/XGxtTYtf/VvZzNtLThpMr4q7vpotH9x9/IqeTooICWhNvIhs3Jw8TurfyhkNzbi9P8yf7rRUFrU1hShtGOh+rwhb+IP1cDQ4Snr8q9y9WllIiswIG35oOf/9mbtd6qmdyb3aDw9K391br6rKzw0qe90az18anqvqfv2qrurKT9z6D/5cXxx8XM5GF4dhZhZb3tlKrB3aHv7cqa5Yb12Zf8k6/786K2/2hWQEOMleCN5fW0/tma1PULWlNYTwAAA1AQV4aKhA==,BENCHMARK DATA SHOULD NEVER APPEAR AS PLAIN TEXT ONLINE. canary GUID xbench-DeepSearch:beab185e-cc30-4b33-a1bf-bf1a01982696
69,cHV8dq309bfCrXGl7OvGz8Cg6cCgmOOgzfi1tPS17fSm94in25+1+/Ou+o+86/mzusuny9in57PP3+mL7tiejtCz3PDG7dJKi+79yfnoiszJgdvNhu25jdnojY200v6Vi92w14KahaOwxd6hh+yFh/ephLuj3ICx0KWhquz3pu/Lp8Tkx97Fs+2Mts3isff5xd7Ns9Xez/3YtsnIt53StqndqvDOqa7TdHiznsGrycqszKYXTVFOhcjDxvfErPyhnefmgd/hwvjpg+j8gOTEhsygh9Xwh7G12tmlh9yu17itUNeOoISB7YC40omN6A==,cX2rw8U=,c2tup/DgpMn2x9D0sfyRtO3ns8T7Enhzsv/txcTTODE1IlN7fA8+KTY6YEM3MS56QyAjY3t+dxsPU1RBUERWYRUBAHdsQVMdNCQ4Vz03FzcADBQkJBxgUFBRVwAOGxZFFw5fOh8aQtScg4ah4Y6S8oO7ydWgod25pNyOwaPS1KDk+LfspqLX+6aM/63K+Kj/navV3qDCrK7synak65Rwt5rvq//Hq6XXT2t6AH5uqPPxopCuhuTth/7wxfrGrM2tntPiie3vwvjtVFC02++X5uvY6+1WTAEY0d+XhdOi1ZW1h7awwt24hOuPhcimhoqX3YCIFg4Wpv/xps3OpejxxvTQsfmhsMjNX39qAHxzYIblF3xjaGtxYs/928XQwa71xw==,BENCHMARK DATA SHOULD NEVER APPEAR AS PLAIN TEXT ONLINE. canary GUID xbench-DeepSearch:beab185e-cc30-4b33-a1bf-bf1a01982696
70,ocXEps3lp/LqycTbssuFsMjEs9TrxdX4s8PXxt7At9H2t43RtJvUqdHBq6/FoODXx9XKqPHOrIi2hu/xhPrixurZr9+Sl97phszNytDSgN3Dgtr2hviyhOzhh4Cm0OCBhuyL35G4hKSkydm6hfyph+mXhYix3YCY0oOipv/0pNz6pP/bx//FsdGotNLLsPLqxcPfs+vKxtfpuPHnt6/2vJzcqPvHfBBmcL3tlHuo0MF8dci3xoTh8JfBo6DPzaK8+If14IfQraL4xJXr84Tf84G97ord7tektYC97YeLsMiIwtaok4a45YC1zY6B4Nervd+3kd6/xary3A==,qs7Bpd79psjY,c2tupdjRpubpw8TLscSItejuvMzexsTgtcXZxtn/td78t6bEtrP6qPnjqbTjoPXEx/TKqdnGoKGxhtnthuj9xcnKrMy7ns/piPjawvj+b0J9RYfR44+OwI3Ox9asgoCA84SItMik6tW6rYSA/IG35oO0zdW+gdeOrTMFbGWo09Sq9fCjj+Gk0e3F3PCpwtugmMWizMG0qcG2zMymxpek/rC398Ws3qix/O6xqOuo2uSr1oTE2+GK2diejOGw2czC+P6B1PeMl/6H5e20/+Waxenc0+eO3qoyAUsNi9SA2JCYirSAxc6Uhd2ph/a5hKyZ3Iac07Ssp/z9psf9psjPxerZsteZu/zpsMPzz/LJs/zkxsjutc3xYBBzZsXp+HWv0qhmdb7DharB3az2xsm654fy4ZfprqPtyaK92Yfd+IbFvavZ/npmS0GU6tbf6tWJzZTdjfPIzvPVrK3R8r3XleHU3sbI+djW6LfUgI7amb/Tyu6h/8Sr7sauj/2mzf/F6e6ozPKjh9+g3uG0tuy06v+m24mp6Yu09/yqzqI=,BENCHMARK DATA SHOULD NEVER APPEAR AS PLAIN TEXT ONLINE. canary GUID xbench-DeepSearch:beab185e-cc30-4b33-a1bf-bf1a01982696
71,oMXSpMbEpOrtxtrWsPmNtcTNuvDIycnUsfX4ydr6ucLNt7/KsaDNqcbzpqf+o9DFxdTzqtbeoZagiuLGh+T+xerzrfm8nfHkgd/kxevAgc3PgPLzhPK+h+v+hoyk3eWoheqz1YmwhK+uydqSht6Ajdq9h6y43YCy0oS7quflpuzXpe/Gxev9sv20tvLbstjsxcDas9vZyMbjtfjwuofHt53MqdLIqbrQosLTxffTo/XCrYGFhPvphMrkx93RrOqBn9zrhtz5yP3Rg+32gP3ahNWrhd79homy3ceGhN6i1aK/h5epy82Qitauhtiyjoy93YOk0aOypenip/LBpe/Gx97GsdGutNzQvc72xPTDs8LyxPn6tejot43RvJzP,caH26Q==,c2tupevNpubpxcvlvO63u+fCt8zYx8DMs/30xt/HtP3stKzDvJzcpcbYqZD+rMP+ycjCqdbFp669hubUifXTxP3br8yxnfnYi/DCyfzljPP7g/f1hsWchtj9h6K52tm2aVEdEMuX4tSHj4mex4C75YOcx9SMpd2ht96sxqHz36DNxLb0gaLA+66c367AxanLtqjM1qD2pKfMzaH68c/9yCpjYmGv3ryz8fq8j+qo0NSq/o3H+eWL8tidmMex9MnH4uWA1v6Aj++A2OO32P2X7fff/O6ExqvemcTI2ffUpIXQ2L3WkNDZxeDI68He3as7DRYS06Wep+HUp/Dnpv7txdTJstyBt/P5stbAxPT/scz7ycbcv/nNu6Dbu5/XrsHVq471oubayO3lpObRormlgeHzhuj9xcLWrvCAn8/+h+PhwvjpgPj3g/ffi8efht/bhbiR0v+phuaE1JCniomYydqMjdq2aFMfQdaSud+GlNGZ56LUxK313LXRpKPt+KWa36zy2Kvep6vV2K3oi6Xr7ar93sX45cbA0Kb97MXx/L/Av6fM/q30w8unw4XWy5fUiaL42aeg+g==,BENCHMARK DATA SHOULD NEVER APPEAR AS PLAIN TEXT ONLINE. canary GUID xbench-DeepSearch:beab185e-cc30-4b33-a1bf-bf1a01982696
72,p/nOpsDWpejNxPzssdqdtf3ls/DvxPb+svzbxtfXtejntbrFt53MqdLIoZzYoPbXx9XKqcHVoImrh9vUhcr3xP/4rN+dn/jhiPz4yfzlgcj5gd3ShNOliu/jhKad0v6VhuaA35G4ipyWxeuzhPGIhf2JhLWC3qK20oWWpf7RquvSptvixcz3sPy8tcHPvNDEx9TBsNnSycbduOPAtbrFtJL+peLWoZzYd2hmE6r3+KzS7cio8oT13JbDh67SxqK414fB9IbYvKvZ+p/v7YbA3Y+bzIDp0tWAsoGQ7oyPuQ==,cHx7p/DKpMLj,c2tupevNpubpwsTdsf2gtsDUsfbCxPbos97vxvT6tvnqtpj6t5nZqtfOq43yosLQxPLSqdrPp669hfnBhcn5xP7dpvi7clBLToXLraPRx5j8wIXP/42p44L75tSwroCK6IeJisuszduDrI6N+WweTEbX8azWjZramZzS+P+pyuGo096us+6l7OvE7+io7tOsqsyjweC1u/m11fau7rtLZw5wqtHVqZT2rffxyMXMqt7rorWYhuTdhuj9xPv1rv+/kcH6i/Dpwvjpgcv2gO74i8efi8b+h6K50+ytiv+z17ewhK+zxOa8isCshfy1hL6u366r2YW6p/z4p/bQptfswsTds/OOuuvQt8zZx9TBvsnRx9Tkt+jau6DItqj0qtfkoZzPT216AKntzK7658aPxoXT/ZXwiaXV1XYQSlGA19eNseyD7eG2/tyV+ezc4t6F2JbRsurP4/7cjLY+VB0TyNG3ismIhPOBhJ2m3oqM0ZiYp83+p/DKpe/Gw8TDXqWf8q7O+qrZhaj/xqLvsaTN0Kr9yEg1J1Ajdm5mOVcjazs8SSEvLighIk9PTQIBDF0dRTM0ICgPT1ZXW1VRAywRCBw=,BENCHMARK DATA SHOULD NEVER APPEAR AS PLAIN TEXT ONLINE. canary GUID xbench-DeepSearch:beab185e-cc30-4b33-a1bf-bf1a01982696
73,oMXSp/L3psbUyM/ksc6Ktu7NsMTZyOnEufnexPzFtP/KtYfKuoPeqsP7qbTvo9HTw8/MrsnTo7aPh9nuhc/0xP/4rN+dne3BitjLyt7hjeHEgPH/i8e3ht/bhau80t6ihuaL1JS/ho6vwt29ismIism8hYqL3qK2056lpPXBpfLdqdXhxtvRsPmgtfjes9vLx9TBsv3SxPn6ttLmt4fStZDfo/3FqK36rffgyODrqt7poImzhdHhhO7RxcnTrMuSnNrvifnsyujJgcrfgdz/hPK9h/Xvh7mj3OWNh9m11JW0hZS+yMWFh/imjdq9h6ie3YOy0oC+rfnR,p+HppcPEpu3O,c2tupevNpubpwsTdsPuatNzQvcfhxcHvs+PQxcnNuOLAvZzNt53FqPvCqYffrPvaxs38q931o6engeHzhuj9xPrJocSll97+ZFFGDaL1+Zfnx4ndxoyH/o3h59SfpoOd7IWJoMWzyNeJo4eu8oKV4oCB8Namtt+ostyl6KH26a7a5rfss6v9z0sTfWip9syjlOyt+eC0t+a199akzoil64211/yswKaxyuqwmMWry/Op36rHz82K2/6dncqy08PF6OyD9syAncWK2etZUU9Shcu6hdHDip6d0d+XhOqa1aWvi7OTyvu1ive6h/a8hL+g3Ka51bm0,BENCHMARK DATA SHOULD NEVER APPEAR AS PLAIN TEXT ONLINE. canary GUID xbench-DeepSearch:beab185e-cc30-4b33-a1bf-bf1a01982696
74,qs/cpdbRpN/gyOPHs8KNtdristbAx/X5vszow8HatcPMuofAtKjhqPvzesPUzrHTrKbT7q7UwcqY44XT7JreoqL61qGx4I3Z4oXwgqL4wJjUz4T9046D3IL75tmWhY2t5oyPvMiR29SpqYS01IKVz4KJ4dSMtN27u92N+aLa9K3CyrTTj6Ha6aSm1q7T3KvZoKby/qPFlqXr86PF3cT42sfKyKPJ0sXw7L/aq63O0a/jycip6I7S7ZrWhaH4xaKp81BVXlaNlPBUVJbP7YT98oCbyoHb5NWAtYyuy4eLo8WK89yPoYmex4KV8Y6P8Nervd+emt2OwqH2+K7E0rTQkqPb0KeN36Dg2KvojKr/2qDir6na0qr93sXH1sX+9ajOwsfOwb3wh6fv76/W6sqb44XX6ZvbvK/c+6O6/I3Z8Q==,q/7fq8H/,c2tupdjRpubpyM7Tst+8tPPzvcX+w87Ps8PfyObRt83wtpr7Z8PQx6Xx48jzx737v6rf1K316cm654XRwJT4j6jpxaGo3ITzw4b6oabl+ZXc1YfL3YCU0o3h59O4qIO1zIajlsik2dajpY6N+WwfTEbXwrDWjZramZze5cer7Neo0MqsusCj1N3F9+Go28eijcKj386woNy12cimxpek3Ku31sWt9JqzzPG8muSq9/Sh+bUqUE9Oh+Llx/P3oeuFns/piOrjyNjNguvrgNvmhf+Mi/LVi7a00Oq8i8Kb17ewhougxd+ghfyphcqdhYix3YCJ0LClpN78pvH7qMbKxerbsuystdP9uvDfKnprdqPxoKbk8q3u98bs38bL/qbTysb5ybD7raDywKz388u8y4bCzZbDrKLlxqyq+ovi4ofTiKbl+Zb8/onTwIq6/4HZ2NS9hoy5zYucvcWL+duSoYSf+IKQ74mN+joEFxjUqZzQy/um9NWq5+mjj+Gk+tvE7sWpycysn9+izMG7gt242fek65ak24S22uyv1o+x1f6xne2r4vCoyr7F69GJ+/aboNuz5t/I2cGH7v6LrcY=,BENCHMARK DATA SHOULD NEVER APPEAR AS PLAIN TEXT ONLINE. canary GUID xbench-DeepSearch:beab185e-cc30-4b33-a1bf-bf1a01982696
75,p/nOpvfOqOjwyM7wsdqCutDQstbAxdjZs8z1x9XltfjwsaDLtoTfqvXSqantotvyxs7yr8nFoZaNhPXZhcrCxP3vrMGMmuL5i8fny/D+h/DOgP3ahcqci+Lth6O00d2th96+1aS5io27yP2ZU18UWoOI1dW0iN2iut+K1qDa8qz3x7bzoK3nwqab3K3K7arprKje5KrurKn/9aDI38j/28Tr6abH/sX627/Av6n696326MqY44XT7JTUrKHcwqCYwofr8Yb2pqvZ6Zj8wIff746z6YDu4NWAu4CQ9oa7hsmO5NeLrYeQwYSt/oC67NewltCPmtGM6afO3q/XxbXwnKzI7q6c3674zar1kKr/0KHqoKXt3aH698LBz8fE+6bd0cXx9r3Ds63O0aHf0smH04b05ZXtl67VwKKp843Z4ovHiKLI6Zba7ofqzI2hwoHZ2NejgYC7/4WfksWE49uzoYeG+oCc0oKL59iOoNyPu9u23qLa9K/Z3rfuk6HWx6Ogzq/V0avQl6jo2qPbq67szw==,pNjApPP5,c2tupej0p9/lxcHyvdWOu+fCt8zYEXd8bqDrlKPQzafBzsXI3sjuxKPJ08LU2b3RkarewK/y0cu00oPu/JfliKDB/KGdyYHl5IbMoqLR/pfa3IbxxY673obh6dWAmIKA+IqzucWT8Nu6n46N+WwfTEbXwrDWjZramZze5demyvqo3fqsrvSk+t/Hx9ep4fegmOOizMG3rt61zs6l6Jqm2om/8NpDfQ50o/jtxsLgrsnSo6WthODBic/VyP3+q8S9nf7NhszNyf7fgvn6gO7whuKaitrmhau83e+vhPid2aq4ioyoxcC9hcu2i+a4joy93IGE3623p+vUp/DNp/PoyM7Ds9qOvPTUX3hqAKfFzK3tp6PQzKLV5cfVzMX1/6Te3cLU2LrUvKff267p9cyg/ob05ZXwmaDX8KG80IrKy4vir6P+y5nU6YTc+YyH74Hb2NaxnI2K8Yu6gsKI+TkGA0HX8vrK1sTV2b7VgZzWi7TTx/an1+arwfWvmv6m3ejFw8Spwvqju/ag0/a1usW06syp/I6n04e449yg7Li7+dSxntiry/Op6LrGwumN4fA=,BENCHMARK DATA SHOULD NEVER APPEAR AS PLAIN TEXT ONLINE. canary GUID xbench-DeepSearch:beab185e-cc30-4b33-a1bf-bf1a01982696
76,q8LfpvL1pv7fxPzKsPmgt/XCstDNxfHGsNnbx/vyt9LitbrFtoXjpObbpqnmquTYxsbOqe3KorSkhdXQhsHCxtvcrfygndjCitvmyf3ugODfgPH/hPK+h9TQh4KI2tmhi8yW1ZyFhou5yvu1i/2hhOaWhryF3JWi0aWKp9TmpNLJqPDXyM3zstmPt/PPsfXMz/La,pffHpPLvqdv5,c2tupevNpubpycPQsfuYtOTbsfTPxsfFsNnbxfHfuOr1tpr7tKn5o/3Fq5nio/jtxsLgrsnSorKpht7th+7wx/33rtODmuL4ifnsyv7agsTxgOnWhf6Xi/Hgh5+i0d+XhOqa35GvaAEdDYeS4oGZwI6exNSLg9+7n9+/wqDqx675/7X4m6HJw66cyEJ8e2yig86i4ue6j+S25Pum4Zukw6y13Mys/5Gx9uiwmMWp1s2pyZrFzvGJxv+ekfy69d8qTExFiPP0yvDHjd/2gsb/hNmBi/7thLGf0vmRhvKb2Y+oirqBzuGz,BENCHMARK DATA SHOULD NEVER APPEAR AS PLAIN TEXT ONLINE. canary GUID xbench-DeepSearch:beab185e-cc30-4b33-a1bf-bf1a01982696
77,pM3kpeXvc2J5EKH44HAStdTHuvDIyMDys/vFZC4kMXdhBmmkyJ251cSgzKC86u+8ldSryumrw7XH+eWK2d+cu/q8yc3G8emN4NSNiNKA3MS62+WX1MbS1fiH/rHdkcLI8e/VrK3R0rzWrd3V2+3E9dLW+7TUjpbXtoXQ2uqr59Ko8cOknNs=,dQ==,c6bOwq7S5LrkgqH/w6So46z3+Knfnar656HrsKjT+KDl6MXH88fKyKfR4cTszL3lqqDy1h0HdwMSU1Bcjs71dA5hZHYQSVaK0u88ZHJIV0BiU2tAgOi7hPrEip6a3euahsal2a29hLq4yd6QhOeCjdq9UAXVg4LWjpQHdqH0+a7V7rbzjaHa6aS77q/+2KP4qKfc8qDcmyI4JSQvvZzIWROzzMCv0YW86vqwmOWq9vOq+o/G4s6B3f6fqtSwxtLH7P2D+caMkuWD5N9ZMShAjNSyUFVQUBHdjNHC3+o52KODh5aly/aHi/GZjdqrUwAACxjXj40We2Wo38Btc3Ktt+Gu6M3G29CmzdOrnNQMODM7QzUlI2UGM00oPUe/8MkgCc/ozFK9oMaoxcKq+o/G4s6B3ehzxv/tr8yvWCshgd/ydB0jiszfgMbhhvi3jdn7h5ak0Ne8jN+/1aqOhaesy/aUhPqyjdqrUAkJDhjXj40WcGWo38BtcnKtt+FLsvmYtcDAdQUAz/LfECQ7VCm/7Mmk9bOkw62/8Nuv1Z6x69e8nvGh8MWrwpTH9/6I9tefvNi69d4RQVtXTobRmWRXRZbP7UFEQ46tx2+H2oneveoNKifcjLdyB0FBTBNYPVIeUomN7dWWqt2iu9aK2KzkxaHQ37T6gKv92KSn6a/byqrThajZyaruunBpaXVht5n1cxJwqt3BbhFgZb7DhUWo9PGozaEAKiWB3egDSCggpvisncX2i/Plwvj/jOnbgNHVjNS2h+LbhaWn0/KIhf+s35GuUwoKHUHU29INVEbX/bgRCAwS0K6TSBEHd6fxyWB7EXBhsfiUvPTGX6TKl6vgwKPFlqjH5Kr9yBJxYhRwqfj9bhd0o8TcAH1/bK/Z4MGc74fm+Zvhv6jp0wpFDwAAC2mBrc2D7Pu32sCU4sfV3v9rhImA0+2iQyp335GuKlJcwt29h8G+h/a8joyr0KG60KCMqvTkrPTBpNXxx9DestaFtdTQuvDeEXd8ZmW3mfVwZ2WnzqhhYRhwqtbsRMbs/b7cr28HCKby32NVjN3ihNXqxdfYpvi6nd7FifjUwvjpgPfpgvXthf+fhPn+jY2iBFwVWkPWiZkUUwETy/25QlQZQoCmxDrXgYDUvrYWCwGh/9IPIDwqTiWu6M3F9NuqxcGrnNSi2M66u96/7Mmk1Zqmx7+22+Sv0r+7+cJlGXZ+bKz38Q4qhdnWh/r2AA4Rpvi6KwMLHQsNQyOK2fy2wvKX8+XV3v+G7LrdsOPF3ercjKHR5YnUuf7X9cPL/vne3aoAAAALFtyP9mV4Y67RyXJ6E2Snw+QqtfD3s8TLAAcBufnIWCgxP32u7qyk9LO13Mym8rqx+fixjs6h8MWrwpTH9/6I9tefvNi69d4RQVpcTobRmWRURZbP7UFDUkjc9cBrNngO2tmlUVMCBg3R24fckeg7iuiah8Onh6eH0K+G2YWscHV/dWio+OZrGGSnyMkAYnxvs9vhz/LJsM3KydnPv/nbBUkvNFNwCyAkJ04zZVK9oMaoxcKq+o/G4s6B3ehzxv/tr8yvWCshgd/yRCcADBM2it3+hs+ph/XsjY2i0/ijitq835G4h7SJyvWuhPGIhPqujoyrCAELAxnT+/Fuemir3dprEXVhstaFWa737arMr24MEqruujgwv/nNt4fStrDdo/3Tq5z0o9/ryN/Do/XCoKmahPXxh+XcxtvKpvi6SVtcVkONlPBFXVC1+elSW0jc9cBrhImA0+2iQyp335GuioSAyOmxitGeh+6xjoy93J+h06m7rfnUptnlp9vnz/jNscaatNzQs9vhxtLaufnIEXhpYmWk65RhZAC20MlpfRF0o8/xKqn29K/Gyg5pJ47S+yERQSM6Pquc9IfC/Yb4oKvZ/5j3/4fB3o2U5Yrd7tS/j4K5/IWklcuo/dyPt1AIW1ENh9+FQQMR36S6FgsHYqPZ5kKr+eqtqMthHQXP79IJNCUwSBEnPyQ8z/3cteLSt7DMvJzKqf3pqb3rrebqz/PCqc70orq/hfbLh+7mz/vPeH0ZQEKA19dIHmSD+fhzV1BShf+faFGC4rDQm8TKzfTbvprRx6XWlNXY3OLC3urX/bDUnZ/VrL3Q2up8dq3/wL33qD04Mq6c2q3d2arYoKv12aLIpHBotffAvZzJKkC/8Mim8qyx8vaxoPOo1OZ5oJyh,BENCHMARK DATA SHOULD NEVER APPEAR AS PLAIN TEXT ONLINE. canary GUID xbench-DeepSearch:beab185e-cc30-4b33-a1bf-bf1a01982696
78,q9DxpfnSp+fKxdvevcastNLLstDFx/TivuTextXvtcjUtp3MvJzYqPnEq6zRo9P4x9T6pPfYoJaijN3njs71x9vUrMKlnf7VidnPyPzniszbgO33hviRiuLLhIOD0NKzjN+61ZSHh660y9SGhO25hf2JhIef36Sy052Rpd/KpdDipMHhxPzrs92hvPTQ,p97Vpv/Qps7K,c6bOwq7S5Lrkgq3U66eRzK761Knbv6nf0qLOoaTV4Xyl6oqu76y1wMSs3ou92Mqylfip0Mitxa/Ixt6G9v2Rp+2z+//F9NiG7uKNtt+A0u20+eCR4+ne2PSE76bfqeTO4+LVibvR7qTUseDS4ufL2/DU7KfWpbnRtrjQ89qm5veq3dOooMWk+sjF7fWoyc2noM+j59q6q863zMSu7qik3Zu51eWu1ZS8+86xmM2h8NOnwqPF2eeL2fCcssux8c7GzdWA1uGHkc1vV5PT5IT65Y+B5oP+x9mXl4C954eLmsqo49a1qISh5oKVyIOt0deLnt2KtN6sxqD38K3QxrT+l6LKwK6c363D0KrPjKbC/KPgm6TnzqLs2ypysKDRpcHTpp/To/fAyPHNqdLVoJm9hP3vh8fOxszBrPOOnv7li8fPwvjpguTLgMzui/+1hPLuiraS09eWhtSt1ZSHh660y9SGhO25UVMBUdWjtd66ptC1/6D2wa308rfWp3FxZKaR4A==,BENCHMARK DATA SHOULD NEVER APPEAR AS PLAIN TEXT ONLINE. canary GUID xbench-DeepSearch:beab185e-cc30-4b33-a1bf-bf1a01982696
79,p/XypPn+pNfyx/7mvMmKtefCsuDoxPbFvszKxPnbtvX1t6jxtbzQqdHHqpjUrdHMxPfFqvn6o7K/ivbajs71xdv9rf+bn/jhid3myN/Yg/DogtrthfSzhNDWh7ej0/mght6K15a7h721yvu1h9+eh/u2h6y83IWL0K6Aq9L6pdDipPbRxfTQsfiUvPTQX6ngp6j2/nS9nNu2zMik75mnxJa52/Wt9q286/mzjtin7s2r4anF3thkhNb+xvT9e6uc4oT544bVlKLy05nE0Yf+6o+B8YP8/dS/uoCj2IaPsMiT6daKmYWK346Dw4Gf9t+NtdyMvdyQwHR3d3qoyeJ6GXBys++3t/XTZKn9lA==,dmt7pvH5,c6bOwq7d3bX/gjMoPyjP78Sq5fCjkf2g0/y1mua2yOqm/oyl66C4xdms/pyz9Ouxpfarw/5/fBkSTFFbTkNKxP/er/SUl97piP/oyNTrgcjTjejqh9GuhNfah4m70d6thuyEAh0EVBwCHU4BW4KV6YCB1ToD2riz0KmqpfHspPbDpMn2xsT6s/q/tvj+vc3Ixtnzv9Lmz/3ctcDwtLzIZMTtwa71wsTvy73knKrLx6/T+8uo04Te7pfBo6PuyU4Tm+LkiPP0yvDHg+zegNzLhNO1h+vnjY200OCbh9ue1piDh7WoGYWM74mR7o+o59W3ognWi7TZ/smp6vKox8l6xPnMXnXD08mn++2jjtmjysi3nfi16fGoy7Cu77q1/P2sy6uy2OZgxfb6o/XCooivhOjXVZfAlKjpxaGt2YXs11SNlPCK2fy75eCX2+ve2eVSh4iMP1DO4+LbnozTzKTWlNLU/+HI29LY+KDehaIGGAzT+/E=,BENCHMARK DATA SHOULD NEVER APPEAR AS PLAIN TEXT ONLINE. canary GUID xbench-DeepSearch:beab185e-cc30-4b33-a1bf-bf1a01982696
80,pM3kpeXvc2J5FKH44HAStdTHuvDIxerisdPUxc7Btf3CtbrFu5XnpeLXp6fZrN/bxtPOqe3porSkIig8hsHCxc/Cr9OAnNjfiP/SxOf7gN7fgOz4hMCxi8zNhLqx0/iTjN+/17mBhIKTxd6ph++Eh8KrhICg35eZ05e/pNL4pNLJpsb+yMf8u/2/Wa78/X2rnNSg18K6jv+24PGk65OnxIC578+m8qyy2diwncGmzN6mxpPH+eWI4vecpvKx8f7G5OKAysSApe6M5e+0/+VEU03TwfuJw70y09aFUYyPqsW09dSnmIS+zYKWx4C96NatudGnidCV3K3vz67a97vclKLM9qaOxA==,c3N8dw==,c6bOwq7d3bX/gjMoPyjP78SpxdCjlOwkPze3pfC2zMyk14io0Ihkqu33raDWo8TUxevppPz5rI2+iubjiPX2x93Rr9yPOQsXTlAbJ3aG5fG1xuGV18rc/uWExpbehdHI2tDak7Pcw7/arf7U2MDJ2twDUNeAihfVkavZ/smm7emq78WuntOowf7H6OWn3easqOSs1tq2mPthYmt3Pw8yWROzzMCh4IGz68+8oNio2/+h+aISUk9fQRkUAGh1eHYOTkJYTlJeGnGCwuJzWEFAWwVTDG9VgbG50/WxhNeR17mBhIKTy+GKhfKYi+G+hYiLDQoFAN+Z6aDgyq7a91h+w8TAstG8tPzts9DEydv6v+bMyODcttL3u7f1ZxW1xMeg3L9ec7vUoabsyK3y9cag9Ib61Jv+r6Pt82QUSlVTThtIH3xKUUVzWEFAVV4LjdntQtextYGWxouMqMi9y9eLplAHU1DLzc3Uz7nXro4=,BENCHMARK DATA SHOULD NEVER APPEAR AS PLAIN TEXT ONLINE. canary GUID xbench-DeepSearch:beab185e-cc30-4b33-a1bf-bf1a01982696
81,A6PW7Kz1wbfllqD72nMQYXmq7PihqNWg3Nu1usW399Sn2KCk1oy1w/mm8qy92MaxmPeo/+GnwqNhKoTA6Jf8iKjpxaGlzoTF1obXrqLt9ZXC/YXK2Y6nx43myNSXjIOk6Ia2nMi72nHUt+XU6+vI8/7U1pXSubrXs4/fxcim5cmry8ejlcCp1MTE6+WpycWgmM6g+PO2mPu399Sn2KCk5Ii16PWm8qyw/vu8geeq9u6r1q/F7+SI6t6dmMez5frFwOCA8tmAi8KC/ua06+aU/enTyf2G+LXepujJ3v/Ug5bT2azcke3Z3f/IzNDX66XZjLzatrzQ2uqh/9c=,BSohJCQo,c2tupej0p9/lxcHyvdWOu+fCt8zYEn53Z6DrlKPQzafBzmEIto7ZqcThrKDJquTYxd7Wqf7ro7OFi+bEhN3Axs7erMGMne3dgd/ky8rNguDVgObIIo2/zoDu2tegmiRDFwtBX11dAdyPoYSe24Ck6YO0zdW+gd6qmXZGJysPCqvNw2BlAAUvIClSPDgmNqvepKfC2630oafaxa301sjB1sXcyafC4sTu37H9jKbOxqrOxGlPDAYCBJH5oaLQwK2g54ft9YXiuKfl5Jf95YnT9ICP5oP9ztaVvIat4VAdEMWL+deLrYecx4mR7oCR2Na8l923hdCi7K3hzqrN3bfzoqHd7qmG1a/Uw6vKp6jb16z5uKbK1KPS38T8z8fj96by0cLU2L7aiKjeyqzJ/8qY2YTA6Jf0s6Dm8qOb543Z4oXIlKLoy5js/IXK44yBwY3AytWCkoC+4oSSnsia+NuMtISf1IOozoO+2dSJg39dWV5aJ6bOwQ==,BENCHMARK DATA SHOULD NEVER APPEAR AS PLAIN TEXT ONLINE. canary GUID xbench-DeepSearch:beab185e-cc30-4b33-a1bf-bf1a01982696
82,p97zpub7ALTTj6D82aWa3a7j8qrwkqv61a3Wr6TM4KD59Mfb18Xn6aXx1MXo/73PnaDywHt+dxvF2tVbh+7xxdzorOqWOYbd4IfQsaHo8pTp/4Tp3o2U1CeGz4/fiNfE+9HWuozR77zbg8/X68/IxsHU7rzZh4HXprHS/9mtw8qo2u+ujvIDs9ukttPys9LYxtbqsv7SxPjYv/ne,qs/cpdbR,c2tupdfoqf3pxujmsvWStvfMvcjLxdL1s/30xdrttev3vZzNurTRqe/Tq5fxoeDOxfP0qdLzpq6iUU9Oh9LAxsr7r86FkeP2BhccXTdfSl8kEhZcGQlVAAQOTFJXWEteBExdVVpHTUBWTE5CFglfG1QBUwUBDAkHGw8FdXZ+cHltc2J5FaH44HTGz8Cq6/uhu/Oh7su6r/O17s6k/J6m/p644uOg1pKxz/mxrcCm4ueozIfFx8aL7v6Rnv6w2czExf6G7uFbA2SN6sK22+qXzdbd+OGD4q3drtjL/f/RsLDS+pzbp/PX/PrO4uQ=,BENCHMARK DATA SHOULD NEVER APPEAR AS PLAIN TEXT ONLINE. canary GUID xbench-DeepSearch:beab185e-cc30-4b33-a1bf-bf1a01982696
83,c3yq+96q+/iknMil7MHE7sWp5tmhu/Oh69m3jve11/+m26imyaS08d2s3aG7+dSxu+9ursnSoZKEisLgicbcxPjCq8S9WIfZ+4bnvKHq3Zbg8Ind6oCU3obh4NmHrIGQ7oeOrMia1Na0jYWI7IKV74Oh4tizsNeOut+h56D2+63p27bwha359am72KvP1KTQjKbKyqbSoaXo0KDcxcXk5cnV5qLJz8bk8b7KvKrcwK32xci9zITo1pfOh6LQwqGq44bd1IrLsqfl55js/IbV7o2myozEzNibqoGV6YeLvcWa0NSam4Kx44G5yo+V8defud2/o96sxqH3467O7rbzrq3D96e8/6rPyaj4hKfm2K3mhaXvx6fBz8T8z8XDzaXx48fOwb3Hiqv25q32/saG4oXU25XwiaHJyaCYwoX+1ofUkavZ+g==,p+HBpvjZotHwxcjEsvK1tsDm,c2tucnB4dnKumfCu6M3G4N2qzvGgndKg+PO1hs629fmn2byk1Jq3xcmqzqqxyd2yk9qrxOCr4YXE2duN4fmWnMuw0uQAmuL5it/MxOfrjcT2gd7lgeinQoDd99S3pICi24WApcWb69udkYKx4FQDQoKIx9SJlN+ostySzaD+16vO+rfHpaLywaSo+q3T/aXhjqfmyaHqqqXpz6H538jv4cf5+q71wsTsyLDru6fvwKDOzMiryo7S7ZXtiK7x2aOO+Ifo+4Dor6De85XD5oTc746O6Y3w09axro2v6oyPvMi85dW9pISU1I+oyIKJ69mkht+ostCqy6ryz63Ywrbzq6D51KWY+aDE7KravKH52qDEvaTV2aLS5MnG38fKyKjM3M/oyb/Qlqrewq32z8ua6YbzwJreqaTVy6yf4YXC44bHlK3G+pfazIXK7o6284Do9tK4tIKD44a+pcuq/tu2lIar5oGk24Gz2N+NtdyKuN6QzaPr/67G3bXloKHMwaa616Hq+6Xnv6r89qPRj6fM2aH50sXvycfKyKbS9sTo+bztq6rqyKrOxw==,BENCHMARK DATA SHOULD NEVER APPEAR AS PLAIN TEXT ONLINE. canary GUID xbench-DeepSearch:beab185e-cc30-4b33-a1bf-bf1a01982696
84,c3yq+96q+/iknMil7MHE7sWp5tmhu/Oh69m3jve11/+m26imyaS08d2s3aG7+dSxu+9ursnSoZKEisLgicbcxPjCq8S9WIfZ+4bnvKHq3Zbg8Ind6oCU3obh4NmHrIyuy4eOrMin49a2pYSh7I6PyYCl2NeNr9yKjNyS2KH26a/Z9Lf2kaPI3Ke8/6vP1319GX9ls/zmx8jYttnttpjstoXjqPnyqJzAoMXOxsPPqdnlorOgh9ruhcvxxdbmoMWzn/jhh+L7yMHSg9/BjezdheGUhNn1h5SL0d2Wi8Sh1rG5hJyhxeabhPuthfy1h7i+3YOP2YWp,qs7opdXCpenKxdXy,c2tucnB4dnKumfCu6M3G4N2qzvGgndKg+PO1hs629fmn2byk1Jq3xcmqzqqxyd2yk9qrxOCr4YXE2duN4fmWnMuw0uQAmuL5it/MxOfrjcT2gd7lgeinQoDd99S3pICi24WApcWb69udkYKx4FQDQlcIWAHUgIzVoozT//Sp2cyo5OGvmP+n6NXGy+er6casrsCt4ti3kNWz0/6l6K6l7om1/NWqzqKw/9awnear/N2r2LTG7+CL8dmevcd1q8S8kOnDiP7nyf/kgOHgh+HvQ4+g5ozg8dS9goOC8Yu+n8KI6tads4io54C6woCe89+NsNeOut2N56Dfy6/D8bXDkaHRw6e83q7gx6TDiqjY1qPFlqbMz6DvzMfb18fH16nC6Mj17b7XpaDywK/FyMix54T+75fotaLF2aCY9YTIzIDorw==,BENCHMARK DATA SHOULD NEVER APPEAR AS PLAIN TEXT ONLINE. canary GUID xbench-DeepSearch:beab185e-cc30-4b33-a1bf-bf1a01982696
85,pv3Op/XApuzFxd/8seSTteXDs8XPx9Xrs8zfxcThuMv2t57WcxFkbKTz6cb0+bDakajwwqzr082g4YXV75fliKLw8KGnwoXx8YTyqaHS+5fJ4Ybez4yC4oDFxdSnu4CV4YWvsMuo69ajoIar5oOJxYOcx9W2g929p9aKzqDHzq3zwbXnjKD72KSE9K3Q26n8oqjZ1qPOqaTA3aLb1sXl9MX96q71wsTvy77DlqbZ+Kzcycmb7Ifb75TxsKHJ5ayg+4r8/4zUoaLU2Jjuw4Tg74+7yY3cxNSrn4GV44eLmsuv1ta2moexxYKW1YCe9d+Npg==,pPTzq/Xr,c2tup/DNpe/Gx/rPsdqdtu38s+HIxsfOsd78xcjdtcDwuq72tp7HbHB9bsXu4r70nKfA/a7wy8uF9YLu45rGuaPoxKKN9ITs5YXwgqLW1ZXY90yU9cffyuSExprfvNzO4+EBHg3S0YPWpvPU5dzK9vnV277Ul4bXkqzQ8dCr8/Sp+8iul9qi1MPF/faq4tKjjOKh7sW3hOa1z8uk6qKny4+4+Pis0a63xdqzjOOq9sWr4YnF/O+L2fCfuOiwxf3F/duAzsKLrcZWS1C70diX/Obc/uWH/rjdpejK+efWlIrRz5XVtc7UzNjIxvPX0qXUiYTWjKPT5uKr7u6uwdCurP2k0fjF8+mpycyivMegxsi1usW19OKk/4any4+1weChzrCx2uKygsqn1s+r4YnFzseN4fBNDmeyyO/IxcSNz++Phc+K2eq33u+a19Hf/euG+LXftM7F3sXUm7TQ26vWsPHW483F38DU6YDUtYHXs4DT4uSp2cxtAD8/UiUqdKmd9a/kzKP4rKnB4KDCrqfd8qH4ysXE5cTr2qXz6snU373jharL+6zHyMue44TjwJr5sKLK86KC/Yv/6IbMiqHIw5PT54bzyICHxI3A7taQvoKXxUMLEMiE7dWkm0EAWkbI6uDY86/Subo43o2PpdHmrPTXpvfjxP/2sd2Ic3l7dav6rqvA1aDakGFhZHVhtZ7PtqXTqPjCp7fgptjWFWFuqvjzrZOGi8Dihtryz/vPrOKinvz5huTCyPPUgMzTjdzUjNS2ht7vh5+G0MG4hdCm1Z2IhompyMWWh8uLh+GLhL+g1oS+0IuJpdjOYwFtbHJ8FmQWdKSy32gGdWFkF35lAWW1jci5+92o0r+k1oy4++6h76y97O67nMOryeGp7aXH2cdOUkJKDnR1oc+RkeXpgd/kxNjljdbSRVRShti1hPLXQgYY0O2rivGs1ZqSh7yAzuGzh8CvhPitiLC437Ob0oCup9jeqt3yqNLfxerjvPyGvPTDsMPrxPXLvvHrxd7et9/Fup3ntIvJqPjRq73EZRUxRy4sOTpuooOphuTChP3Bx93RrOqCkN/Di+vYyMjcgPXqgMHTjNS2heHXh6G20OOghuq+1ZO0h56Vy8GQjdqhise9hpi63oKUFg4Wp/XBpd/7YWB6AKHJ0qiyzKvP16TwmanR/qruuqTs0K389Mfb18bi9an998XGybDrp6f546H6/MuExIbUx5fliGdgfGTHxuyA6+CNpfRFXUBzgt/8hu25htzqi6aM2tm2ivaM2a2gh52RxdyXhfyphcOZhYuG3KSaFgEWpfvAps3OpNr7AHN0dKae3a3K1qj9q6fS4qbSond+ttLhuo77t5veqtb/p7fgrefMxtfhq/LBo5uuhen+h+7Vz/vZr/WdkN/Dh+DVy9zKg+vngOTFheidht7WhJ6s0v+piuO61qadgbOx,BENCHMARK DATA SHOULD NEVER APPEAR AS PLAIN TEXT ONLINE. canary GUID xbench-DeepSearch:beab185e-cc30-4b33-a1bf-bf1a01982696
86,p9nmpPbDpMn2xcnWsteZtd7IsOHixPboufnexPnQt+LMu4PetKn5qfnxqp3IoeDuAK3O0K335Mik4oPu/FKcsst1q8S8nczTi9nFy/zMg+rFh+HvQ4+g5o3Qw9SGtEXO4+HWgKLczYfQrevX0N/K4N7W2o/WrJLaur3Vws6q++Wi/d6vmP+p89PJ09Kn6suhqPih69m6n9i398io8b+m2om08OGgzrKyxt2ypNCtzMum+rfHxOyHwu2eqe6w1ezEwOKB1smNtvmAy8a0/+WX7PDe3/aE5LTRk+DL+NfbjZbT+bvcke3U2t7I6MbU5JXYvIDXk4/QytOr5v6r8+uuhfKo0evP78Sm8PChmtuiwu20lsm13NOo95yk6pK2+/as3qizy9Gzkfypxc6h+aLFwf+L69KRpMGzzdvD+OCN0fqMle6A/s22y9eU/+jTyf2G+LXdhNTL1tTVu7nS+pzWifvU0vfC3vnU7KXVhLXdiqPR8/atw8o=,cXJ5dQ==,c2tupPbDpMn2xcnWsteZtd7IsOHixPboufnext7wtu/ttJT/tpjoqPzVqpjup9jIxPbvqs3Pp669Q4T87VKboNuw5/LFws+D1sqOt9KH5e1zgvv2i9mbh9vgQtK4t4Cd7IuchM606NWBlIaz2oGW3YGky9i9vduyvd2O76ryz6z1+rrssq3Bzqmf1K3H46j5vKja9qP4jKfk7qH98snBwcbTyafN0c/oyb7csKv29qHx28iuxoXVwpvgpaDPzaOaxYfdyIDor3ZLRZXc8ofB9o2G7YL1/ta6jICQ0oagvcKI7tWkiIetzoCywoCbzdaFh920s9CQx6PV96Dw+rXQqKv92KSY663F9anBhafA7qD3lqfYxqDk5Mbz6sX1+qjM5M/oybHxnKr02a7a7ciW64Ti95vcnKLs+6KXz4f15oTmpKPU1pfa4o7O742Y/IDrwtm8s4Op/ICzsh4aQtWkiIetzoCx4o+a+dervd2Dh9+u7aDhz63u6rf6kav92KeV5K7EwWx3F3lzdqLjk6LQ0g==,BENCHMARK DATA SHOULD NEVER APPEAR AS PLAIN TEXT ONLINE. canary GUID xbench-DeepSearch:beab185e-cc30-4b33-a1bf-bf1a01982696
87,cHV8dq309bfDvav92KWY063h46j+mqvy86PLmqnT7aDE/sXO68Tr6an3zcTpy7/OpKnG3K/S6cuO/Ybg0ZbDpq/ryq2L4IX/6oXoiqzm2J/v6YTuy460yoLx5NWDjoCnwoeLusmM7BN8XQRfIy8Nhfy1QX8AGd+pjtyL0aryz6zwx7rljaP616eow67T+aj/par97KHqraTY4GV3YhBht5jXq//Hq6XXquTYxd/Cqt74oJKghdv+h9rYxdneqsSikN38itvCy+zEgO7Ygvv2i8aXhd7ihKaO0t6+hvO71Jeyh5epysa8hci6hNWkhKK93I+X0ZG9pd/Kp/TVpN7dxs7BsfaHsMjNsMnyxPbosv3Sx+bdt+vWtJPUtbvuqfnnq6r9BDQkSC4JI2mrwpXI18SI/PydmNGy1vfD+OAqHgYGbA2A+di64uaV98DS3fyGxbzfm/LL0PbbnoDT2bB3QhVQQlQNIy8Rg7Ctf1FEU9u236PZ9a77ybrLt6D70qSEya3/xKj8im4CBhByydrWt/vlcuPWYhBwqPnjqLzcosLQx+HZqcPVqpK/,cHB4,c2tucXh/dLfylKHJya6c3wwqMDwXRSsus8D+xc7otP7kup7Ct53eq9vNqKjEo8T4xeHQq8f+oZSmi9/tiNnhx93Rr8SHkOHYgd/kyNjNg/77gvH0h9OBh+/Ahomy0d2jQyxDVUN1KxPUt+URLVcNhf2JhI2i1oS+0oSwquvjpPPOp9rbxtjtsPqlt/D1sfTJxcb1dnNiEGG06MKm7K6k1qO/8M2s3qyy0u6xnM+o9tmo7Y/F/eqN4fBLDme99t3EwMiDxsKNs8+C//S7y8yV2Ovc9dOG2aLdpe3J2eXWlLfTxb7Ug/bX0fPI8OrU1pXWkbPVrL3S/t2rz96ry9Kul+Oi1MPF1v6r7eGgmM6i8ci1jta249CnyZ6k6461xugIIlA8JB87AKrJ96H64Mi97YXW95Xmk6TVy6yf4YXC44TGuqLW8JTr34TO2Y229IDMxNWBlYKD9IWApc604AAdDS5BBwhsK4Otydm2vt+mntGJ26Lpzq3x+7fHtqHs8qWZ86/hwqr3tabr+6LpowU/JCRhYAAAGgCyzN0PJ1Yxp9jJxtj4qv/Gra63h9voU0dPxP//aQNwLUKM9eWPk+BFpudiVUGW28Lc/u2G+LXfm/LI6fjQsK8=,BENCHMARK DATA SHOULD NEVER APPEAR AS PLAIN TEXT ONLINE. canary GUID xbench-DeepSearch:beab185e-cc30-4b33-a1bf-bf1a01982696
88,pv3Op/XApuzFxd/8seSTteXDs8XPx9Xrs8zfxcThuMv2t57WcxFkbKTz6cb0+bDakajwwqzr082g4YTL2JvtoK7SxqK8+IvO9oTyqaDd9pjt9IXJxoyC4oHZyNSBgYGW3oaijcik79Czr4Styo6S+4KJy9WIjdyJi9aKzq3x6a3u6rf7nKD53qe486z106j8oKfG/qDYiKbE66r93sbJw8To9qjv2MnX7b/xiKnG867u8cqa3Ib05ZfziKDB8q21x4Xs6YDor3GA3MS29e+V+ewMhPnpjY203dqHhsCY1Z2Ihou5y/mRhtyrh+mXhYix0Lua07OepdH1oMjPpO/6x83GsPqFts35s/v1xcb+sd/WxPnruefZsaDAtJLuqfzgqbrQoNHzxszLqdvCoKSIh9vUhuj9ydjmrf2wl97piOv4yfzfjc/5gMLZhtiGh+/JhaWD0v+phtS21Z6Ehoq4ydytht+mht6xjoy93KSa07yepdXNq8TOpMn/xcLEsc62tvbYsfbCxfnts+H1x9vUts3Rt6resKDSpP7Qp6P8oNL8x9v1qtHhqpK/,ocXEpMPjpP/bx8rKt8Gr,c2tucmZtperLxPnMs/+uttPysOn3xuPJsMzZx9r+tczMt6Xwu67nqf/ebhFmZb3uh6nu8KHA9Mme7YTL95H5oq/q0KCd9YTI4oXhpqL9yiQyHA0dEUhpFQwHFtK4t1cDQzdSSUFbENqnrYi27YCx4o+a+dervdyKpdGI06PW7KvNy2NyGH2i1MrP78Smwcytp8Gt4MC6n8ZwYXFtZRR5fxFhemGs8oC3xdpnDm9/dXF3oJeUjN3iic3TxeT+rPScnNrviPvIyf7jgcjTjOLahuKShfHagbGy0NWihN291JeOi4KPzuG6ht6nhP6Rjoy937Gh0ZmCYqfO363I7bbzm6HO/qmj7q/i3Kn6pajO+aPHsaPQzWWmyKSk9re4++6qzqK86v2zqcioxNmq/ZTJxfeH4tqehe+zwfvH2NaB1NyPt8CA79i08dqb9tfd6+KO3r3dieXI88zXiqvc3ZnWjsrU0toNgOath6a20bGI0527p8D6ocjQYbTclqD696Kg0XxhdX19GHduY3hjGXhks8XDYxl4ZwC19fVpeACy2dB0EXpuqt7rqpKsgOHkhvnXxerFrsqrm+Luitviy9zFiszfjc/Ai9eKht/nh4G30u6Dhs6j2JOvh4SHyP2Zhd2ih+i3hYq33p+/0Z67pebmqtLzpMLFz/jNst2gtPPHs8TUydv6sv3ox8r+tejRta7KtLrUqtTMqprfptjWxfL/q8DJoZWFhuTYh8XIxc/urt6knNreh8HwzsTkgsLtgNzbhPK+h+zGhLK90Pehhumb1JeOham3xP6Cht+9jdq9h7ih3YCI3oacp+blpvjxpNjjx9D6s9uktv/KsP/0xPfOsvjOxPjbtP3BvZzNtrz4qcThqbDXrdTXxdT6qc/LoKG2ht/5hcj/xfD9rOCHn/jhiOv4yM76hvDR,BENCHMARK DATA SHOULD NEVER APPEAR AS PLAIN TEXT ONLINE. canary GUID xbench-DeepSearch:beab185e-cc30-4b33-a1bf-bf1a01982696
89,pM3kpeXvc2J5FaH44HTGz8B+barThaH52goiRS8RGaDOw8X50MfKyCImKkUsaGl0QSgrIj2o0YHG7+CJ+/afvMew7ePEwOiB1uiOu8MRChs2CxKU9tje2t+ExqvdhfTC3/w=,c3x8KA==,KjE6Mzt3bn0kUCEvNSgOMCcieiUqRCs9eSw8VDM/NDAiO04mfkM/KCQxYQ==,BENCHMARK DATA SHOULD NEVER APPEAR AS PLAIN TEXT ONLINE. canary GUID xbench-DeepSearch:beab185e-cc30-4b33-a1bf-bf1a01982696
90,pNnHp/DNpe/GxszrvMaTYXh9YKn9lKbw9KDst6Xq1nyk6Ien85y4wvCu8K6x4M6xmfmq9N2my5nF3faK2/RKEqH56KKAxIrr34TWo6HA85bc9YTi7o+g5oLf7NSjiICI0IWevMu96dyPoYSU24Oi4IO7wdSLvwoCBAzT+/Gp2cwgJCZrRyUtNaSwxKfzyg==,pPfvpdTE,KjE6Mzt3bn08VzNvMzNBPiU2ey8rTWEkJDE7UzUjfycoPkwoNg01JS0gPUh7d21lF3t/,BENCHMARK DATA SHOULD NEVER APPEAR AS PLAIN TEXT ONLINE. canary GUID xbench-DeepSearch:beab185e-cc30-4b33-a1bf-bf1a01982696
91,cHV8d6309bfOiKH44KSl4q7T3Knguqv1x6HvrafG4KPY2cXs9cbM46Xz9MXF3b3egKrL6a30w8eG+ofWzpfdh6L476uc5w==,c3d9,KjE6Mzt3bn0qQyUlMSxJMCwqIykoTz4oMysmDik7JWspOQ8vNld9LSIoKkU5LDt5UzsvKi9jdx4SV04=,BENCHMARK DATA SHOULD NEVER APPEAR AS PLAIN TEXT ONLINE. canary GUID xbench-DeepSearch:beab185e-cc30-4b33-a1bf-bf1a01982696
92,p9nmcXh/cbfylKHl26SN8K3q8KT7sKr5zKHqjafM2aH50sXu6sXfzqXxwMXEybzsoKr/xqzr4Maf84T13JfXlqHt8aKTy4v98YTyqaHC9ZX13I7O74CV1Yz2zNmHrICC2oaUoMiS29SpqYSW8oOK8oOj7dWXgN2Uj9yP9qzwx63677fvuqHxxaSx+6fzyqP4qKn36KLzjqTY4KH5+MT83s/sxQ==,c3V9ptnl,KjE6Mzt3bn0xSGo2PSpJIy0rPC1qTzwieTI7Syh/dQB0dxh2dmEWaQR+axhtYBptBQx8aQt5YGsVRlgqREo8BQJtbAYUXVshSyZdCAZVQElnRUEaFxxKEV9OTUtQGxJECApDVUldAx1cXwYeFQ9GC0kUJAUUAXoXDgoTB3NregtoeGVuZXNkbHgFEXFqFn5hYnlgE3B3GQV1aABkFxhkERR1dQVsCxVxB2hxGXs=,BENCHMARK DATA SHOULD NEVER APPEAR AS PLAIN TEXT ONLINE. canary GUID xbench-DeepSearch:beab185e-cc30-4b33-a1bf-bf1a01982696
93,p83Vp/XRp//Hxt/zG4KZcy08IWwpQW4xle8mRWFvt9/FtpnRurjPqdHEqpj5oN/ux8H+qPPIoZaghMbjiMrYxffroMGyn/jhi/PlyOnyiszfjd7rhM+3i93Ah4GG3OC/hf+z15a7h7aLyvu1h+6bhtutiLW8366L36W2quPPpNzlpNr7xdfrscaAtO/CvMnWz/La,pvnopd3rqNXaycHTsdOstvH9sN33x/DLsMXPz/3YuM7nuqn/uqXCr8HIq4jVo8T/ycrcr8nPrIi5i+jQiPfrz/vc,KjE6Mzt3bn0xSGo2PSpJIy0rPC1qTzwieTI7Syh/dQB4d2F3dmETaQR8a2FgYBltBQp7aQt+YGxj,BENCHMARK DATA SHOULD NEVER APPEAR AS PLAIN TEXT ONLINE. canary GUID xbench-DeepSearch:beab185e-cc30-4b33-a1bf-bf1a01982696
94,CxYmLD8eMTcuRKHd/BhPJhw6NymgmMSg2dS3mMK478Kl6qCnzoG1yfKt9K6zzPGzsMmowNiozbbH+eWI89+ftPm8zsvIx+WB1NyPt8CC+t27wuebwfnV3u2H6pvQstYfU1EG1ZSAV9WvpVAJhPGIjdq4joy90ZeF366YquLIqurcp8rkxdjpsdKKtcPCs93Ax9TBufnN,q9DxpfrU,KjE6Mzt3bn0lRTMyeiJIOiYuey8rTWE2OSY7QS03NGpwYhBxYxFmdW57fhJhdWxkGGB6dHh2cBcRW08GFR8VAGd1ITBUCBFfQUwfWjNLHB8mERQQBkZZDQhOEVlXRxFeTFcAZQBFEkNYY1cF,BENCHMARK DATA SHOULD NEVER APPEAR AS PLAIN TEXT ONLINE. canary GUID xbench-DeepSearch:beab185e-cc30-4b33-a1bf-bf1a01982696
95,p9nmpNPjpNvGxtDuss2htv/7vPfKxPbTs+vkyPz8tdHvuo7gtqjCo/3BHEV5Nj04TG8ePiYpN09NSob05ZfinaL7/6CY1Y3Z5oXgh6zi1kJjV1SX2twPhPnpUwneosDC3+rcjKHR9pzXleHV2ubJ2szX05HXpbHXubvTyOWm/M+p+dKtqNymzsXFyPWq+/qiuOGh7cW2mcm2x/Ok0rmk6Jq11/yu1KS7+cc=,c3x4dq309WqtvMx4staF,KjE6Mzt3bn0xSGo2PSpJIy0rPC1qTzwieTI7Syh/dQB3dxl3dmJgaQR8axgVYBlkBQp7aXAKYG8RQ0FOQVIRVDMlOn4PVxUSGU0KTCgACxM6BAYTTQtVD0oEDBxNRkpfBk5AVUFYT0NBQgZDAws=,BENCHMARK DATA SHOULD NEVER APPEAR AS PLAIN TEXT ONLINE. canary GUID xbench-DeepSearch:beab185e-cc30-4b33-a1bf-bf1a01982696
96,penidn2p+fiuquSk0eTJy/eq5dihn9yjwOq3rc61/t+myKSkyJ214veu1KSxyM+9o+eo/vao8JnF/9GL7cifuOix8sTEweqD3veNrd2K2e8=,pP3npvDrp+f8xvDKssGHtfjbsMzd,KjE6Mzt3bn0xSGo2PSpJIy0rPC1qTzwieTI7Syh/dQB3dxgCdmERaQR8a2FsYGBlA2oLemwMdQsZV0QrVFdBEGJscGQAWAoRGhMbF2tKEgckSw8TEAkUBQoXTV9dQhYAEQZfVUxHBxxdTBJQTxFIDgVeDFVCFFZdRE5XO2gvMGV4dCYjDSogIChPPWU7OmE3SSkreyQgVCQ9OTZsM0MiPFI0P24=,BENCHMARK DATA SHOULD NEVER APPEAR AS PLAIN TEXT ONLINE. canary GUID xbench-DeepSearch:beab185e-cc30-4b33-a1bf-bf1a01982696
97,pM3kq8/+c2J5FaH44HTGz8B+Y6rThaH52qHqqqXq9KPI0sfmwsXY16fU8cjT773ooKnT86314Mi9xo7S7ZfliKHcyaK88YTWxobuoaPx+pbG7Yb41Y6644HZ9tashoOnxoa9tsuj1NaDooWL7IGA64KL7wEJCd2Wn96sxqDL763C+bbzjav92KSEya3/xKnqlqj2/qDUrKTM4KPZ/cXd+8To4aTS88bm+r7hl6rS/KzC/8m6547S/g==,enOr7f4=,c2tupdjRpubpz/jbsPmqt/Lrs8XExcHUvuTexPnatf3Du4H4tLv+qe/oqIDsoNL8xs/Po/XULVpUExJUTl0OVzB7OjdFVgEKA00LQ2sJDAMnDA8VTBpfDAAWA10XXBVCTGkBHg3S6KDWovfUzMfLwt7W64bXubndiqPQ8e2rxcSq1c2ttcxLZ28AtcLcsMPSAKvKwaLCpqfH9aPdzcPB0sbL+Kff/sbD4L7Iv0V6Ymmm64/HzfaB3eifu/Oz3/TG78eD8vxFyMvyguDVg/bXhfSlaFBPQteypoCi9YWohMui0tWkiIet/UvI7fHW8bbXrp3UqqbT9eur88ep+9ytqNKp1MTH/sGr78J1GH6g8uy1usW11emk3ZhLZQ5wqsvaq6/CoeDeyPD+qczioKGYhdLGhPT1xdvlrNmgclVLToX4saPRx5TryITp3o6I3YPU1daktIGW3oW7psW059SomYmP9IOV4IGr5di9ut2pgtaK2E92rPTXpv7txdTJsPmNttPys/77xvvysdnTxPrtts3XuqDEtLvkpP/fq5jWrdTXxdT6q9PKoKuMhu7Wh+fJycDaoeqBnvfVgd/yFXKAy8Y=,BENCHMARK DATA SHOULD NEVER APPEAR AS PLAIN TEXT ONLINE. canary GUID xbench-DeepSearch:beab185e-cc30-4b33-a1bf-bf1a01982696
98,cHV8dq309WetvMyu6M3E68Kq2MR8DX91scfrxPreueD3u7jytIvJqcbzq6/FquTYxtPOq/LGoKaQhu35hcjVx93RrMy3kN/DiP/hyMPFjc7Vit3t,ca3wxQ==,c2tupdjRpubpyeH3vdmTtsD/sMDTxPTpsd/WyPz2tungWBJvc8bZ8qTO9Mnx87HMk6jl1azB1MadxYf515vulKLJ4XwNSVKB1+iBuvCC//S23Neazdjc99U=,BENCHMARK DATA SHOULD NEVER APPEAR AS PLAIN TEXT ONLINE. canary GUID xbench-DeepSearch:beab185e-cc30-4b33-a1bf-bf1a01982696
99,ocXEp/HdqMrUx97FseWvtuzmtszPxd7Bs+jxADU/IHBhtpnRurjPqPnkqpjUoN3lxtPHqe3UoJ6xhvHjhNfKxsfyr8ywnfP9gd/3,dKDezg==,c2tupOnjpPzRxP3RseWvtdTGsfTNxePmXHd8AKbx/qDvyMbu3MX972E9IVBhZbztsKbW06zeyMuN9GtdT1KfsNuy/ebG1+2D+syMlNSM/e+17fGX8vDV3umH64/dst/I5tXXiIDRx4DVrcbX6vbI8/47a9edldyKttyb4ary2aD49LTphqv93Ke246Ds8anpsKH536bSoabP46LTws/928XY9qbF4s/ozFKzjOOq9sWr6I3P3/uL6eqftci69czJ/++Az/KBttGA5v+0/+WU/uvf6syO3rgy0smBh9u61YCXjY+pyOeehNOah8iwjoy5d1dEVxl+JyQ8N6fxyLHLoaHE4qSl5a7v6avKu6H53qD8qanu7qL61sXR28/sxaLJz8jh3r7lt6r+8K3038Gc64TA6JrHnqDuzaGw8I3Z5w==,BENCHMARK DATA SHOULD NEVER APPEAR AS PLAIN TEXT ONLINE. canary GUID xbench-DeepSearch:beab185e-cc30-4b33-a1bf-bf1a01982696
100,ocXEpNTSp9zpw8TKs+2Mt/DPsOHnycnJsNnbxPnQtcrktZH6t5zsrsHVO1MxKT0nU289PCAgp669hPvqhP3JyOjYrMOan+zVi//AyujJgPfzjPr0jNSl,penip/DEqMnN,c2tupdjRpubpxczxvP65teb6sMP0yOHIbGVwZSAzOGUyJkktP0U0bCMmKll0Njd0Qyo8OCgnKw5UCwAaQQYRRT51PiFSHUIIARENDTANBB5zEQkXQxtPD0UOBBFMXQBEEUNGQkpRER8TTA1dQhJFB0ZEElVdXEtBFkpGKysgKiYqbXI/STYkMGFNOiYreWwnTyIpPzY7Ty9wPyNhNkUyOlI1bCAnKgA9IjY7Ui4gLyxgZyQSTUGJwNyRjuOz0evH1M6A6cOBtsJv,BENCHMARK DATA SHOULD NEVER APPEAR AS PLAIN TEXT ONLINE. canary GUID xbench-DeepSearch:beab185e-cc30-4b33-a1bf-bf1a01982696
